-- SD_AREA ==================================================================================================================
INSERT INTO SD_AREA (AREA,DC,BIZ,AREANM,RGSDE,RGSUSR,UPDDE,UPDUSR)
VALUES ('A','GM','HDCR','A 랙보관',now(),'admin',now(),'admin');
INSERT INTO SD_AREA (AREA,DC,BIZ,AREANM,RGSDE,RGSUSR,UPDDE,UPDUSR)
VALUES ('B','GM','HDCR','B 랙보관',now(),'admin',now(),'admin');
INSERT INTO SD_AREA (AREA,DC,BIZ,AREANM,RGSDE,RGSUSR,UPDDE,UPDUSR)
VALUES ('F','GM','HDCR','F 평치보관',now(),'admin',now(),'admin');
INSERT INTO SD_AREA (AREA,DC,BIZ,AREANM,RGSDE,RGSUSR,UPDDE,UPDUSR)
VALUES ('G','GM','HDCR','G 평치보관',now(),'admin',now(),'admin');
INSERT INTO SD_AREA (AREA,DC,BIZ,AREANM,RGSDE,RGSUSR,UPDDE,UPDUSR)
VALUES ('X','GM','HDCR','X 입고대기',now(),'admin',now(),'admin');
INSERT INTO SD_AREA (AREA,DC,BIZ,AREANM,RGSDE,RGSUSR,UPDDE,UPDUSR)
VALUES ('Y','GM','HDCR','Y 출고대기',now(),'admin',now(),'admin');

-- SD_ZONE ==================================================================================================================
INSERT INTO SD_ZONE (ZONE,DC,BIZ,AREA,ZONENM,RGSDE,RGSUSR,UPDDE,UPDUSR)
VALUES ('G1-3','GM','HDCR','G','G1-3단',now(),'admin',now(),'admin');
INSERT INTO SD_ZONE (ZONE,DC,BIZ,AREA,ZONENM,RGSDE,RGSUSR,UPDDE,UPDUSR)
VALUES ('F1-2','GM','HDCR','F','F1-2단',now(),'admin',now(),'admin');
INSERT INTO SD_ZONE (ZONE,DC,BIZ,AREA,ZONENM,RGSDE,RGSUSR,UPDDE,UPDUSR)
VALUES ('F1-3','GM','HDCR','F','F1-3단',now(),'admin',now(),'admin');
INSERT INTO SD_ZONE (ZONE,DC,BIZ,AREA,ZONENM,RGSDE,RGSUSR,UPDDE,UPDUSR)
VALUES ('G1-2','GM','HDCR','G','G1-2단',now(),'admin',now(),'admin');
INSERT INTO SD_ZONE (ZONE,DC,BIZ,AREA,ZONENM,RGSDE,RGSUSR,UPDDE,UPDUSR)
VALUES ('A1-1','GM','HDCR','A','A1-1단',now(),'admin',now(),'admin');
INSERT INTO SD_ZONE (ZONE,DC,BIZ,AREA,ZONENM,RGSDE,RGSUSR,UPDDE,UPDUSR)
VALUES ('A1-2','GM','HDCR','A','A1-2단',now(),'admin',now(),'admin');
INSERT INTO SD_ZONE (ZONE,DC,BIZ,AREA,ZONENM,RGSDE,RGSUSR,UPDDE,UPDUSR)
VALUES ('A1-3','GM','HDCR','A','A1-3단',now(),'admin',now(),'admin');
INSERT INTO SD_ZONE (ZONE,DC,BIZ,AREA,ZONENM,RGSDE,RGSUSR,UPDDE,UPDUSR)
VALUES ('A2-1','GM','HDCR','A','A2-1단',now(),'admin',now(),'admin');
INSERT INTO SD_ZONE (ZONE,DC,BIZ,AREA,ZONENM,RGSDE,RGSUSR,UPDDE,UPDUSR)
VALUES ('A2-2','GM','HDCR','A','A2-2단',now(),'admin',now(),'admin');
INSERT INTO SD_ZONE (ZONE,DC,BIZ,AREA,ZONENM,RGSDE,RGSUSR,UPDDE,UPDUSR)
VALUES ('A2-3','GM','HDCR','A','A2-3단',now(),'admin',now(),'admin');
INSERT INTO SD_ZONE (ZONE,DC,BIZ,AREA,ZONENM,RGSDE,RGSUSR,UPDDE,UPDUSR)
VALUES ('B1-1','GM','HDCR','B','B1-1단',now(),'admin',now(),'admin');
INSERT INTO SD_ZONE (ZONE,DC,BIZ,AREA,ZONENM,RGSDE,RGSUSR,UPDDE,UPDUSR)
VALUES ('B1-2','GM','HDCR','B','B1-2단',now(),'admin',now(),'admin');
INSERT INTO SD_ZONE (ZONE,DC,BIZ,AREA,ZONENM,RGSDE,RGSUSR,UPDDE,UPDUSR)
VALUES ('B1-3','GM','HDCR','B','B1-3단',now(),'admin',now(),'admin');
INSERT INTO SD_ZONE (ZONE,DC,BIZ,AREA,ZONENM,RGSDE,RGSUSR,UPDDE,UPDUSR)
VALUES ('B2-1','GM','HDCR','B','B2-1단',now(),'admin',now(),'admin');
INSERT INTO SD_ZONE (ZONE,DC,BIZ,AREA,ZONENM,RGSDE,RGSUSR,UPDDE,UPDUSR)
VALUES ('B2-2','GM','HDCR','B','B2-2단',now(),'admin',now(),'admin');
INSERT INTO SD_ZONE (ZONE,DC,BIZ,AREA,ZONENM,RGSDE,RGSUSR,UPDDE,UPDUSR)
VALUES ('B2-3','GM','HDCR','B','B2-3단',now(),'admin',now(),'admin');
INSERT INTO SD_ZONE (ZONE,DC,BIZ,AREA,ZONENM,RGSDE,RGSUSR,UPDDE,UPDUSR)
VALUES ('F1-1','GM','HDCR','F','F1-1단',now(),'admin',now(),'admin');
INSERT INTO SD_ZONE (ZONE,DC,BIZ,AREA,ZONENM,RGSDE,RGSUSR,UPDDE,UPDUSR)
VALUES ('F2-1','GM','HDCR','F','F2-1단',now(),'admin',now(),'admin');
INSERT INTO SD_ZONE (ZONE,DC,BIZ,AREA,ZONENM,RGSDE,RGSUSR,UPDDE,UPDUSR)
VALUES ('F3-1','GM','HDCR','F','F3-1단',now(),'admin',now(),'admin');
INSERT INTO SD_ZONE (ZONE,DC,BIZ,AREA,ZONENM,RGSDE,RGSUSR,UPDDE,UPDUSR)
VALUES ('G1-1','GM','HDCR','G','G1-1단',now(),'admin',now(),'admin');
INSERT INTO SD_ZONE (ZONE,DC,BIZ,AREA,ZONENM,RGSDE,RGSUSR,UPDDE,UPDUSR)
VALUES ('G2-1','GM','HDCR','G','G2-1단',now(),'admin',now(),'admin');
INSERT INTO SD_ZONE (ZONE,DC,BIZ,AREA,ZONENM,RGSDE,RGSUSR,UPDDE,UPDUSR)
VALUES ('G3-1','GM','HDCR','G','G3-1단',now(),'admin',now(),'admin');
INSERT INTO SD_ZONE (ZONE,DC,BIZ,AREA,ZONENM,RGSDE,RGSUSR,UPDDE,UPDUSR)
VALUES ('X1-1','GM','HDCR','X','X1 입고대기',now(),'admin',now(),'admin');
INSERT INTO SD_ZONE (ZONE,DC,BIZ,AREA,ZONENM,RGSDE,RGSUSR,UPDDE,UPDUSR)
VALUES ('Y1-1','GM','HDCR','Y','Y1 출고대기',now(),'admin',now(),'admin');

-- SD_LOC ==================================================================================================================
INSERT INTO SD_LOC (LOC,DC,BIZ,ZONE,LOCNM,WHDG,WHFL,LOCROW,LOCCOL,LOCSTG,RGSDE,RGSUSR,UPDDE,UPDUSR)
VALUES ('B1092','GM','HDCR','B1-2','B1-09-2','*','*','B1','09','2',now(),'admin',now(),'admin');
INSERT INTO SD_LOC (LOC,DC,BIZ,ZONE,LOCNM,WHDG,WHFL,LOCROW,LOCCOL,LOCSTG,RGSDE,RGSUSR,UPDDE,UPDUSR)
VALUES ('B1093','GM','HDCR','B1-3','B1-09-3','*','*','B1','09','3',now(),'admin',now(),'admin');
INSERT INTO SD_LOC (LOC,DC,BIZ,ZONE,LOCNM,WHDG,WHFL,LOCROW,LOCCOL,LOCSTG,RGSDE,RGSUSR,UPDDE,UPDUSR)
VALUES ('B1101','GM','HDCR','B1-1','B1-10-1','*','*','B1','10','1',now(),'admin',now(),'admin');
INSERT INTO SD_LOC (LOC,DC,BIZ,ZONE,LOCNM,WHDG,WHFL,LOCROW,LOCCOL,LOCSTG,RGSDE,RGSUSR,UPDDE,UPDUSR)
VALUES ('B1102','GM','HDCR','B1-2','B1-10-2','*','*','B1','10','2',now(),'admin',now(),'admin');
INSERT INTO SD_LOC (LOC,DC,BIZ,ZONE,LOCNM,WHDG,WHFL,LOCROW,LOCCOL,LOCSTG,RGSDE,RGSUSR,UPDDE,UPDUSR)
VALUES ('B1103','GM','HDCR','B1-3','B1-10-3','*','*','B1','10','3',now(),'admin',now(),'admin');
INSERT INTO SD_LOC (LOC,DC,BIZ,ZONE,LOCNM,WHDG,WHFL,LOCROW,LOCCOL,LOCSTG,RGSDE,RGSUSR,UPDDE,UPDUSR)
VALUES ('B1111','GM','HDCR','B1-1','B1-11-1','*','*','B1','11','1',now(),'admin',now(),'admin');
INSERT INTO SD_LOC (LOC,DC,BIZ,ZONE,LOCNM,WHDG,WHFL,LOCROW,LOCCOL,LOCSTG,RGSDE,RGSUSR,UPDDE,UPDUSR)
VALUES ('B1112','GM','HDCR','B1-2','B1-11-2','*','*','B1','11','2',now(),'admin',now(),'admin');
INSERT INTO SD_LOC (LOC,DC,BIZ,ZONE,LOCNM,WHDG,WHFL,LOCROW,LOCCOL,LOCSTG,RGSDE,RGSUSR,UPDDE,UPDUSR)
VALUES ('B1113','GM','HDCR','B1-3','B1-11-3','*','*','B1','11','3',now(),'admin',now(),'admin');
INSERT INTO SD_LOC (LOC,DC,BIZ,ZONE,LOCNM,WHDG,WHFL,LOCROW,LOCCOL,LOCSTG,RGSDE,RGSUSR,UPDDE,UPDUSR)
VALUES ('B1121','GM','HDCR','B1-1','B1-12-1','*','*','B1','12','1',now(),'admin',now(),'admin');
INSERT INTO SD_LOC (LOC,DC,BIZ,ZONE,LOCNM,WHDG,WHFL,LOCROW,LOCCOL,LOCSTG,RGSDE,RGSUSR,UPDDE,UPDUSR)
VALUES ('B1122','GM','HDCR','B1-2','B1-12-2','*','*','B1','12','2',now(),'admin',now(),'admin');
INSERT INTO SD_LOC (LOC,DC,BIZ,ZONE,LOCNM,WHDG,WHFL,LOCROW,LOCCOL,LOCSTG,RGSDE,RGSUSR,UPDDE,UPDUSR)
VALUES ('B1123','GM','HDCR','B1-3','B1-12-3','*','*','B1','12','3',now(),'admin',now(),'admin');
INSERT INTO SD_LOC (LOC,DC,BIZ,ZONE,LOCNM,WHDG,WHFL,LOCROW,LOCCOL,LOCSTG,RGSDE,RGSUSR,UPDDE,UPDUSR)
VALUES ('B1131','GM','HDCR','B1-1','B1-13-1','*','*','B1','13','1',now(),'admin',now(),'admin');
INSERT INTO SD_LOC (LOC,DC,BIZ,ZONE,LOCNM,WHDG,WHFL,LOCROW,LOCCOL,LOCSTG,RGSDE,RGSUSR,UPDDE,UPDUSR)
VALUES ('B1132','GM','HDCR','B1-2','B1-13-2','*','*','B1','13','2',now(),'admin',now(),'admin');
INSERT INTO SD_LOC (LOC,DC,BIZ,ZONE,LOCNM,WHDG,WHFL,LOCROW,LOCCOL,LOCSTG,RGSDE,RGSUSR,UPDDE,UPDUSR)
VALUES ('B1133','GM','HDCR','B1-3','B1-13-3','*','*','B1','13','3',now(),'admin',now(),'admin');
INSERT INTO SD_LOC (LOC,DC,BIZ,ZONE,LOCNM,WHDG,WHFL,LOCROW,LOCCOL,LOCSTG,RGSDE,RGSUSR,UPDDE,UPDUSR)
VALUES ('B1141','GM','HDCR','B1-1','B1-14-1','*','*','B1','14','1',now(),'admin',now(),'admin');
INSERT INTO SD_LOC (LOC,DC,BIZ,ZONE,LOCNM,WHDG,WHFL,LOCROW,LOCCOL,LOCSTG,RGSDE,RGSUSR,UPDDE,UPDUSR)
VALUES ('B1142','GM','HDCR','B1-2','B1-14-2','*','*','B1','14','2',now(),'admin',now(),'admin');
INSERT INTO SD_LOC (LOC,DC,BIZ,ZONE,LOCNM,WHDG,WHFL,LOCROW,LOCCOL,LOCSTG,RGSDE,RGSUSR,UPDDE,UPDUSR)
VALUES ('B1143','GM','HDCR','B1-3','B1-14-3','*','*','B1','14','3',now(),'admin',now(),'admin');
INSERT INTO SD_LOC (LOC,DC,BIZ,ZONE,LOCNM,WHDG,WHFL,LOCROW,LOCCOL,LOCSTG,RGSDE,RGSUSR,UPDDE,UPDUSR)
VALUES ('B2011','GM','HDCR','B2-1','B2-01-1','*','*','B2','01','1',now(),'admin',now(),'admin');
INSERT INTO SD_LOC (LOC,DC,BIZ,ZONE,LOCNM,WHDG,WHFL,LOCROW,LOCCOL,LOCSTG,RGSDE,RGSUSR,UPDDE,UPDUSR)
VALUES ('B2012','GM','HDCR','B2-2','B2-01-2','*','*','B2','01','2',now(),'admin',now(),'admin');
INSERT INTO SD_LOC (LOC,DC,BIZ,ZONE,LOCNM,WHDG,WHFL,LOCROW,LOCCOL,LOCSTG,RGSDE,RGSUSR,UPDDE,UPDUSR)
VALUES ('B2013','GM','HDCR','B2-3','B2-01-3','*','*','B2','01','3',now(),'admin',now(),'admin');
INSERT INTO SD_LOC (LOC,DC,BIZ,ZONE,LOCNM,WHDG,WHFL,LOCROW,LOCCOL,LOCSTG,RGSDE,RGSUSR,UPDDE,UPDUSR)
VALUES ('B2021','GM','HDCR','B2-1','B2-02-1','*','*','B2','02','1',now(),'admin',now(),'admin');
INSERT INTO SD_LOC (LOC,DC,BIZ,ZONE,LOCNM,WHDG,WHFL,LOCROW,LOCCOL,LOCSTG,RGSDE,RGSUSR,UPDDE,UPDUSR)
VALUES ('B2022','GM','HDCR','B2-2','B2-02-2','*','*','B2','02','2',now(),'admin',now(),'admin');
INSERT INTO SD_LOC (LOC,DC,BIZ,ZONE,LOCNM,WHDG,WHFL,LOCROW,LOCCOL,LOCSTG,RGSDE,RGSUSR,UPDDE,UPDUSR)
VALUES ('B2023','GM','HDCR','B2-3','B2-02-3','*','*','B2','02','3',now(),'admin',now(),'admin');
INSERT INTO SD_LOC (LOC,DC,BIZ,ZONE,LOCNM,WHDG,WHFL,LOCROW,LOCCOL,LOCSTG,RGSDE,RGSUSR,UPDDE,UPDUSR)
VALUES ('B2031','GM','HDCR','B2-1','B2-03-1','*','*','B2','03','1',now(),'admin',now(),'admin');
INSERT INTO SD_LOC (LOC,DC,BIZ,ZONE,LOCNM,WHDG,WHFL,LOCROW,LOCCOL,LOCSTG,RGSDE,RGSUSR,UPDDE,UPDUSR)
VALUES ('B2032','GM','HDCR','B2-2','B2-03-2','*','*','B2','03','2',now(),'admin',now(),'admin');
INSERT INTO SD_LOC (LOC,DC,BIZ,ZONE,LOCNM,WHDG,WHFL,LOCROW,LOCCOL,LOCSTG,RGSDE,RGSUSR,UPDDE,UPDUSR)
VALUES ('B2033','GM','HDCR','B2-3','B2-03-3','*','*','B2','03','3',now(),'admin',now(),'admin');
INSERT INTO SD_LOC (LOC,DC,BIZ,ZONE,LOCNM,WHDG,WHFL,LOCROW,LOCCOL,LOCSTG,RGSDE,RGSUSR,UPDDE,UPDUSR)
VALUES ('B2041','GM','HDCR','B2-1','B2-04-1','*','*','B2','04','1',now(),'admin',now(),'admin');
INSERT INTO SD_LOC (LOC,DC,BIZ,ZONE,LOCNM,WHDG,WHFL,LOCROW,LOCCOL,LOCSTG,RGSDE,RGSUSR,UPDDE,UPDUSR)
VALUES ('B2042','GM','HDCR','B2-2','B2-04-2','*','*','B2','04','2',now(),'admin',now(),'admin');
INSERT INTO SD_LOC (LOC,DC,BIZ,ZONE,LOCNM,WHDG,WHFL,LOCROW,LOCCOL,LOCSTG,RGSDE,RGSUSR,UPDDE,UPDUSR)
VALUES ('B2043','GM','HDCR','B2-3','B2-04-3','*','*','B2','04','3',now(),'admin',now(),'admin');
INSERT INTO SD_LOC (LOC,DC,BIZ,ZONE,LOCNM,WHDG,WHFL,LOCROW,LOCCOL,LOCSTG,RGSDE,RGSUSR,UPDDE,UPDUSR)
VALUES ('B2051','GM','HDCR','B2-1','B2-05-1','*','*','B2','05','1',now(),'admin',now(),'admin');
INSERT INTO SD_LOC (LOC,DC,BIZ,ZONE,LOCNM,WHDG,WHFL,LOCROW,LOCCOL,LOCSTG,RGSDE,RGSUSR,UPDDE,UPDUSR)
VALUES ('B2052','GM','HDCR','B2-2','B2-05-2','*','*','B2','05','2',now(),'admin',now(),'admin');
INSERT INTO SD_LOC (LOC,DC,BIZ,ZONE,LOCNM,WHDG,WHFL,LOCROW,LOCCOL,LOCSTG,RGSDE,RGSUSR,UPDDE,UPDUSR)
VALUES ('B2053','GM','HDCR','B2-3','B2-05-3','*','*','B2','05','3',now(),'admin',now(),'admin');
INSERT INTO SD_LOC (LOC,DC,BIZ,ZONE,LOCNM,WHDG,WHFL,LOCROW,LOCCOL,LOCSTG,RGSDE,RGSUSR,UPDDE,UPDUSR)
VALUES ('B2061','GM','HDCR','B2-1','B2-06-1','*','*','B2','06','1',now(),'admin',now(),'admin');
INSERT INTO SD_LOC (LOC,DC,BIZ,ZONE,LOCNM,WHDG,WHFL,LOCROW,LOCCOL,LOCSTG,RGSDE,RGSUSR,UPDDE,UPDUSR)
VALUES ('B2062','GM','HDCR','B2-2','B2-06-2','*','*','B2','06','2',now(),'admin',now(),'admin');
INSERT INTO SD_LOC (LOC,DC,BIZ,ZONE,LOCNM,WHDG,WHFL,LOCROW,LOCCOL,LOCSTG,RGSDE,RGSUSR,UPDDE,UPDUSR)
VALUES ('B2063','GM','HDCR','B2-3','B2-06-3','*','*','B2','06','3',now(),'admin',now(),'admin');
INSERT INTO SD_LOC (LOC,DC,BIZ,ZONE,LOCNM,WHDG,WHFL,LOCROW,LOCCOL,LOCSTG,RGSDE,RGSUSR,UPDDE,UPDUSR)
VALUES ('B2071','GM','HDCR','B2-1','B2-07-1','*','*','B2','07','1',now(),'admin',now(),'admin');
INSERT INTO SD_LOC (LOC,DC,BIZ,ZONE,LOCNM,WHDG,WHFL,LOCROW,LOCCOL,LOCSTG,RGSDE,RGSUSR,UPDDE,UPDUSR)
VALUES ('B2072','GM','HDCR','B2-2','B2-07-2','*','*','B2','07','2',now(),'admin',now(),'admin');
INSERT INTO SD_LOC (LOC,DC,BIZ,ZONE,LOCNM,WHDG,WHFL,LOCROW,LOCCOL,LOCSTG,RGSDE,RGSUSR,UPDDE,UPDUSR)
VALUES ('B2073','GM','HDCR','B2-3','B2-07-3','*','*','B2','07','3',now(),'admin',now(),'admin');
INSERT INTO SD_LOC (LOC,DC,BIZ,ZONE,LOCNM,WHDG,WHFL,LOCROW,LOCCOL,LOCSTG,RGSDE,RGSUSR,UPDDE,UPDUSR)
VALUES ('B2081','GM','HDCR','B2-1','B2-08-1','*','*','B2','08','1',now(),'admin',now(),'admin');
INSERT INTO SD_LOC (LOC,DC,BIZ,ZONE,LOCNM,WHDG,WHFL,LOCROW,LOCCOL,LOCSTG,RGSDE,RGSUSR,UPDDE,UPDUSR)
VALUES ('B2082','GM','HDCR','B2-2','B2-08-2','*','*','B2','08','2',now(),'admin',now(),'admin');
INSERT INTO SD_LOC (LOC,DC,BIZ,ZONE,LOCNM,WHDG,WHFL,LOCROW,LOCCOL,LOCSTG,RGSDE,RGSUSR,UPDDE,UPDUSR)
VALUES ('B2083','GM','HDCR','B2-3','B2-08-3','*','*','B2','08','3',now(),'admin',now(),'admin');
INSERT INTO SD_LOC (LOC,DC,BIZ,ZONE,LOCNM,WHDG,WHFL,LOCROW,LOCCOL,LOCSTG,RGSDE,RGSUSR,UPDDE,UPDUSR)
VALUES ('B2091','GM','HDCR','B2-1','B2-09-1','*','*','B2','09','1',now(),'admin',now(),'admin');
INSERT INTO SD_LOC (LOC,DC,BIZ,ZONE,LOCNM,WHDG,WHFL,LOCROW,LOCCOL,LOCSTG,RGSDE,RGSUSR,UPDDE,UPDUSR)
VALUES ('B2092','GM','HDCR','B2-2','B2-09-2','*','*','B2','09','2',now(),'admin',now(),'admin');
INSERT INTO SD_LOC (LOC,DC,BIZ,ZONE,LOCNM,WHDG,WHFL,LOCROW,LOCCOL,LOCSTG,RGSDE,RGSUSR,UPDDE,UPDUSR)
VALUES ('B2093','GM','HDCR','B2-3','B2-09-3','*','*','B2','09','3',now(),'admin',now(),'admin');
INSERT INTO SD_LOC (LOC,DC,BIZ,ZONE,LOCNM,WHDG,WHFL,LOCROW,LOCCOL,LOCSTG,RGSDE,RGSUSR,UPDDE,UPDUSR)
VALUES ('B2101','GM','HDCR','B2-1','B2-10-1','*','*','B2','10','1',now(),'admin',now(),'admin');
INSERT INTO SD_LOC (LOC,DC,BIZ,ZONE,LOCNM,WHDG,WHFL,LOCROW,LOCCOL,LOCSTG,RGSDE,RGSUSR,UPDDE,UPDUSR)
VALUES ('B2102','GM','HDCR','B2-2','B2-10-2','*','*','B2','10','2',now(),'admin',now(),'admin');
INSERT INTO SD_LOC (LOC,DC,BIZ,ZONE,LOCNM,WHDG,WHFL,LOCROW,LOCCOL,LOCSTG,RGSDE,RGSUSR,UPDDE,UPDUSR)
VALUES ('B2103','GM','HDCR','B2-3','B2-10-3','*','*','B2','10','3',now(),'admin',now(),'admin');
INSERT INTO SD_LOC (LOC,DC,BIZ,ZONE,LOCNM,WHDG,WHFL,LOCROW,LOCCOL,LOCSTG,RGSDE,RGSUSR,UPDDE,UPDUSR)
VALUES ('B2111','GM','HDCR','B2-1','B2-11-1','*','*','B2','11','1',now(),'admin',now(),'admin');
INSERT INTO SD_LOC (LOC,DC,BIZ,ZONE,LOCNM,WHDG,WHFL,LOCROW,LOCCOL,LOCSTG,RGSDE,RGSUSR,UPDDE,UPDUSR)
VALUES ('B2112','GM','HDCR','B2-2','B2-11-2','*','*','B2','11','2',now(),'admin',now(),'admin');
INSERT INTO SD_LOC (LOC,DC,BIZ,ZONE,LOCNM,WHDG,WHFL,LOCROW,LOCCOL,LOCSTG,RGSDE,RGSUSR,UPDDE,UPDUSR)
VALUES ('B2113','GM','HDCR','B2-3','B2-11-3','*','*','B2','11','3',now(),'admin',now(),'admin');
INSERT INTO SD_LOC (LOC,DC,BIZ,ZONE,LOCNM,WHDG,WHFL,LOCROW,LOCCOL,LOCSTG,RGSDE,RGSUSR,UPDDE,UPDUSR)
VALUES ('B2121','GM','HDCR','B2-1','B2-12-1','*','*','B2','12','1',now(),'admin',now(),'admin');
INSERT INTO SD_LOC (LOC,DC,BIZ,ZONE,LOCNM,WHDG,WHFL,LOCROW,LOCCOL,LOCSTG,RGSDE,RGSUSR,UPDDE,UPDUSR)
VALUES ('B2122','GM','HDCR','B2-2','B2-12-2','*','*','B2','12','2',now(),'admin',now(),'admin');
INSERT INTO SD_LOC (LOC,DC,BIZ,ZONE,LOCNM,WHDG,WHFL,LOCROW,LOCCOL,LOCSTG,RGSDE,RGSUSR,UPDDE,UPDUSR)
VALUES ('B2123','GM','HDCR','B2-3','B2-12-3','*','*','B2','12','3',now(),'admin',now(),'admin');
INSERT INTO SD_LOC (LOC,DC,BIZ,ZONE,LOCNM,WHDG,WHFL,LOCROW,LOCCOL,LOCSTG,RGSDE,RGSUSR,UPDDE,UPDUSR)
VALUES ('B2131','GM','HDCR','B2-1','B2-13-1','*','*','B2','13','1',now(),'admin',now(),'admin');
INSERT INTO SD_LOC (LOC,DC,BIZ,ZONE,LOCNM,WHDG,WHFL,LOCROW,LOCCOL,LOCSTG,RGSDE,RGSUSR,UPDDE,UPDUSR)
VALUES ('B2132','GM','HDCR','B2-2','B2-13-2','*','*','B2','13','2',now(),'admin',now(),'admin');
INSERT INTO SD_LOC (LOC,DC,BIZ,ZONE,LOCNM,WHDG,WHFL,LOCROW,LOCCOL,LOCSTG,RGSDE,RGSUSR,UPDDE,UPDUSR)
VALUES ('B2133','GM','HDCR','B2-3','B2-13-3','*','*','B2','13','3',now(),'admin',now(),'admin');
INSERT INTO SD_LOC (LOC,DC,BIZ,ZONE,LOCNM,WHDG,WHFL,LOCROW,LOCCOL,LOCSTG,RGSDE,RGSUSR,UPDDE,UPDUSR)
VALUES ('B2141','GM','HDCR','B2-1','B2-14-1','*','*','B2','14','1',now(),'admin',now(),'admin');
INSERT INTO SD_LOC (LOC,DC,BIZ,ZONE,LOCNM,WHDG,WHFL,LOCROW,LOCCOL,LOCSTG,RGSDE,RGSUSR,UPDDE,UPDUSR)
VALUES ('B2142','GM','HDCR','B2-2','B2-14-2','*','*','B2','14','2',now(),'admin',now(),'admin');
INSERT INTO SD_LOC (LOC,DC,BIZ,ZONE,LOCNM,WHDG,WHFL,LOCROW,LOCCOL,LOCSTG,RGSDE,RGSUSR,UPDDE,UPDUSR)
VALUES ('B2143','GM','HDCR','B2-3','B2-14-3','*','*','B2','14','3',now(),'admin',now(),'admin');
INSERT INTO SD_LOC (LOC,DC,BIZ,ZONE,LOCNM,WHDG,WHFL,LOCROW,LOCCOL,LOCSTG,RGSDE,RGSUSR,UPDDE,UPDUSR)
VALUES ('B2151','GM','HDCR','B2-1','B2-15-1','*','*','B2','15','1',now(),'admin',now(),'admin');
INSERT INTO SD_LOC (LOC,DC,BIZ,ZONE,LOCNM,WHDG,WHFL,LOCROW,LOCCOL,LOCSTG,RGSDE,RGSUSR,UPDDE,UPDUSR)
VALUES ('B2152','GM','HDCR','B2-2','B2-15-2','*','*','B2','15','2',now(),'admin',now(),'admin');
INSERT INTO SD_LOC (LOC,DC,BIZ,ZONE,LOCNM,WHDG,WHFL,LOCROW,LOCCOL,LOCSTG,RGSDE,RGSUSR,UPDDE,UPDUSR)
VALUES ('B2153','GM','HDCR','B2-3','B2-15-3','*','*','B2','15','3',now(),'admin',now(),'admin');
INSERT INTO SD_LOC (LOC,DC,BIZ,ZONE,LOCNM,WHDG,WHFL,LOCROW,LOCCOL,LOCSTG,RGSDE,RGSUSR,UPDDE,UPDUSR)
VALUES ('B2161','GM','HDCR','B2-1','B2-16-1','*','*','B2','16','1',now(),'admin',now(),'admin');
INSERT INTO SD_LOC (LOC,DC,BIZ,ZONE,LOCNM,WHDG,WHFL,LOCROW,LOCCOL,LOCSTG,RGSDE,RGSUSR,UPDDE,UPDUSR)
VALUES ('B2162','GM','HDCR','B2-2','B2-16-2','*','*','B2','16','2',now(),'admin',now(),'admin');
INSERT INTO SD_LOC (LOC,DC,BIZ,ZONE,LOCNM,WHDG,WHFL,LOCROW,LOCCOL,LOCSTG,RGSDE,RGSUSR,UPDDE,UPDUSR)
VALUES ('B2163','GM','HDCR','B2-3','B2-16-3','*','*','B2','16','3',now(),'admin',now(),'admin');
INSERT INTO SD_LOC (LOC,DC,BIZ,ZONE,LOCNM,WHDG,WHFL,LOCROW,LOCCOL,LOCSTG,RGSDE,RGSUSR,UPDDE,UPDUSR)
VALUES ('A2052','GM','HDCR','A2-2','A2-05-2','*','*','A2','05','2',now(),'admin',now(),'admin');
INSERT INTO SD_LOC (LOC,DC,BIZ,ZONE,LOCNM,WHDG,WHFL,LOCROW,LOCCOL,LOCSTG,RGSDE,RGSUSR,UPDDE,UPDUSR)
VALUES ('A2053','GM','HDCR','A2-3','A2-05-3','*','*','A2','05','3',now(),'admin',now(),'admin');
INSERT INTO SD_LOC (LOC,DC,BIZ,ZONE,LOCNM,WHDG,WHFL,LOCROW,LOCCOL,LOCSTG,RGSDE,RGSUSR,UPDDE,UPDUSR)
VALUES ('A2061','GM','HDCR','A2-1','A2-06-1','*','*','A2','06','1',now(),'admin',now(),'admin');
INSERT INTO SD_LOC (LOC,DC,BIZ,ZONE,LOCNM,WHDG,WHFL,LOCROW,LOCCOL,LOCSTG,RGSDE,RGSUSR,UPDDE,UPDUSR)
VALUES ('A2062','GM','HDCR','A2-2','A2-06-2','*','*','A2','06','2',now(),'admin',now(),'admin');
INSERT INTO SD_LOC (LOC,DC,BIZ,ZONE,LOCNM,WHDG,WHFL,LOCROW,LOCCOL,LOCSTG,RGSDE,RGSUSR,UPDDE,UPDUSR)
VALUES ('A2063','GM','HDCR','A2-3','A2-06-3','*','*','A2','06','3',now(),'admin',now(),'admin');
INSERT INTO SD_LOC (LOC,DC,BIZ,ZONE,LOCNM,WHDG,WHFL,LOCROW,LOCCOL,LOCSTG,RGSDE,RGSUSR,UPDDE,UPDUSR)
VALUES ('A2071','GM','HDCR','A2-1','A2-07-1','*','*','A2','07','1',now(),'admin',now(),'admin');
INSERT INTO SD_LOC (LOC,DC,BIZ,ZONE,LOCNM,WHDG,WHFL,LOCROW,LOCCOL,LOCSTG,RGSDE,RGSUSR,UPDDE,UPDUSR)
VALUES ('A2072','GM','HDCR','A2-2','A2-07-2','*','*','A2','07','2',now(),'admin',now(),'admin');
INSERT INTO SD_LOC (LOC,DC,BIZ,ZONE,LOCNM,WHDG,WHFL,LOCROW,LOCCOL,LOCSTG,RGSDE,RGSUSR,UPDDE,UPDUSR)
VALUES ('A2073','GM','HDCR','A2-3','A2-07-3','*','*','A2','07','3',now(),'admin',now(),'admin');
INSERT INTO SD_LOC (LOC,DC,BIZ,ZONE,LOCNM,WHDG,WHFL,LOCROW,LOCCOL,LOCSTG,RGSDE,RGSUSR,UPDDE,UPDUSR)
VALUES ('A2081','GM','HDCR','A2-1','A2-08-1','*','*','A2','08','1',now(),'admin',now(),'admin');
INSERT INTO SD_LOC (LOC,DC,BIZ,ZONE,LOCNM,WHDG,WHFL,LOCROW,LOCCOL,LOCSTG,RGSDE,RGSUSR,UPDDE,UPDUSR)
VALUES ('A2082','GM','HDCR','A2-2','A2-08-2','*','*','A2','08','2',now(),'admin',now(),'admin');
INSERT INTO SD_LOC (LOC,DC,BIZ,ZONE,LOCNM,WHDG,WHFL,LOCROW,LOCCOL,LOCSTG,RGSDE,RGSUSR,UPDDE,UPDUSR)
VALUES ('A2083','GM','HDCR','A2-3','A2-08-3','*','*','A2','08','3',now(),'admin',now(),'admin');
INSERT INTO SD_LOC (LOC,DC,BIZ,ZONE,LOCNM,WHDG,WHFL,LOCROW,LOCCOL,LOCSTG,RGSDE,RGSUSR,UPDDE,UPDUSR)
VALUES ('A2091','GM','HDCR','A2-1','A2-09-1','*','*','A2','09','1',now(),'admin',now(),'admin');
INSERT INTO SD_LOC (LOC,DC,BIZ,ZONE,LOCNM,WHDG,WHFL,LOCROW,LOCCOL,LOCSTG,RGSDE,RGSUSR,UPDDE,UPDUSR)
VALUES ('A2092','GM','HDCR','A2-2','A2-09-2','*','*','A2','09','2',now(),'admin',now(),'admin');
INSERT INTO SD_LOC (LOC,DC,BIZ,ZONE,LOCNM,WHDG,WHFL,LOCROW,LOCCOL,LOCSTG,RGSDE,RGSUSR,UPDDE,UPDUSR)
VALUES ('A2093','GM','HDCR','A2-3','A2-09-3','*','*','A2','09','3',now(),'admin',now(),'admin');
INSERT INTO SD_LOC (LOC,DC,BIZ,ZONE,LOCNM,WHDG,WHFL,LOCROW,LOCCOL,LOCSTG,RGSDE,RGSUSR,UPDDE,UPDUSR)
VALUES ('A2101','GM','HDCR','A2-1','A2-10-1','*','*','A2','10','1',now(),'admin',now(),'admin');
INSERT INTO SD_LOC (LOC,DC,BIZ,ZONE,LOCNM,WHDG,WHFL,LOCROW,LOCCOL,LOCSTG,RGSDE,RGSUSR,UPDDE,UPDUSR)
VALUES ('A2102','GM','HDCR','A2-2','A2-10-2','*','*','A2','10','2',now(),'admin',now(),'admin');
INSERT INTO SD_LOC (LOC,DC,BIZ,ZONE,LOCNM,WHDG,WHFL,LOCROW,LOCCOL,LOCSTG,RGSDE,RGSUSR,UPDDE,UPDUSR)
VALUES ('A2103','GM','HDCR','A2-3','A2-10-3','*','*','A2','10','3',now(),'admin',now(),'admin');
INSERT INTO SD_LOC (LOC,DC,BIZ,ZONE,LOCNM,WHDG,WHFL,LOCROW,LOCCOL,LOCSTG,RGSDE,RGSUSR,UPDDE,UPDUSR)
VALUES ('A2111','GM','HDCR','A2-1','A2-11-1','*','*','A2','11','1',now(),'admin',now(),'admin');
INSERT INTO SD_LOC (LOC,DC,BIZ,ZONE,LOCNM,WHDG,WHFL,LOCROW,LOCCOL,LOCSTG,RGSDE,RGSUSR,UPDDE,UPDUSR)
VALUES ('A2112','GM','HDCR','A2-2','A2-11-2','*','*','A2','11','2',now(),'admin',now(),'admin');
INSERT INTO SD_LOC (LOC,DC,BIZ,ZONE,LOCNM,WHDG,WHFL,LOCROW,LOCCOL,LOCSTG,RGSDE,RGSUSR,UPDDE,UPDUSR)
VALUES ('A2113','GM','HDCR','A2-3','A2-11-3','*','*','A2','11','3',now(),'admin',now(),'admin');
INSERT INTO SD_LOC (LOC,DC,BIZ,ZONE,LOCNM,WHDG,WHFL,LOCROW,LOCCOL,LOCSTG,RGSDE,RGSUSR,UPDDE,UPDUSR)
VALUES ('A2121','GM','HDCR','A2-1','A2-12-1','*','*','A2','12','1',now(),'admin',now(),'admin');
INSERT INTO SD_LOC (LOC,DC,BIZ,ZONE,LOCNM,WHDG,WHFL,LOCROW,LOCCOL,LOCSTG,RGSDE,RGSUSR,UPDDE,UPDUSR)
VALUES ('A2122','GM','HDCR','A2-2','A2-12-2','*','*','A2','12','2',now(),'admin',now(),'admin');
INSERT INTO SD_LOC (LOC,DC,BIZ,ZONE,LOCNM,WHDG,WHFL,LOCROW,LOCCOL,LOCSTG,RGSDE,RGSUSR,UPDDE,UPDUSR)
VALUES ('A2123','GM','HDCR','A2-3','A2-12-3','*','*','A2','12','3',now(),'admin',now(),'admin');
INSERT INTO SD_LOC (LOC,DC,BIZ,ZONE,LOCNM,WHDG,WHFL,LOCROW,LOCCOL,LOCSTG,RGSDE,RGSUSR,UPDDE,UPDUSR)
VALUES ('A2131','GM','HDCR','A2-1','A2-13-1','*','*','A2','13','1',now(),'admin',now(),'admin');
INSERT INTO SD_LOC (LOC,DC,BIZ,ZONE,LOCNM,WHDG,WHFL,LOCROW,LOCCOL,LOCSTG,RGSDE,RGSUSR,UPDDE,UPDUSR)
VALUES ('A2132','GM','HDCR','A2-2','A2-13-2','*','*','A2','13','2',now(),'admin',now(),'admin');
INSERT INTO SD_LOC (LOC,DC,BIZ,ZONE,LOCNM,WHDG,WHFL,LOCROW,LOCCOL,LOCSTG,RGSDE,RGSUSR,UPDDE,UPDUSR)
VALUES ('A2133','GM','HDCR','A2-3','A2-13-3','*','*','A2','13','3',now(),'admin',now(),'admin');
INSERT INTO SD_LOC (LOC,DC,BIZ,ZONE,LOCNM,WHDG,WHFL,LOCROW,LOCCOL,LOCSTG,RGSDE,RGSUSR,UPDDE,UPDUSR)
VALUES ('A2141','GM','HDCR','A2-1','A2-14-1','*','*','A2','14','1',now(),'admin',now(),'admin');
INSERT INTO SD_LOC (LOC,DC,BIZ,ZONE,LOCNM,WHDG,WHFL,LOCROW,LOCCOL,LOCSTG,RGSDE,RGSUSR,UPDDE,UPDUSR)
VALUES ('A2142','GM','HDCR','A2-2','A2-14-2','*','*','A2','14','2',now(),'admin',now(),'admin');
INSERT INTO SD_LOC (LOC,DC,BIZ,ZONE,LOCNM,WHDG,WHFL,LOCROW,LOCCOL,LOCSTG,RGSDE,RGSUSR,UPDDE,UPDUSR)
VALUES ('A2143','GM','HDCR','A2-3','A2-14-3','*','*','A2','14','3',now(),'admin',now(),'admin');
INSERT INTO SD_LOC (LOC,DC,BIZ,ZONE,LOCNM,WHDG,WHFL,LOCROW,LOCCOL,LOCSTG,RGSDE,RGSUSR,UPDDE,UPDUSR)
VALUES ('A2151','GM','HDCR','A2-1','A2-15-1','*','*','A2','15','1',now(),'admin',now(),'admin');
INSERT INTO SD_LOC (LOC,DC,BIZ,ZONE,LOCNM,WHDG,WHFL,LOCROW,LOCCOL,LOCSTG,RGSDE,RGSUSR,UPDDE,UPDUSR)
VALUES ('A2152','GM','HDCR','A2-2','A2-15-2','*','*','A2','15','2',now(),'admin',now(),'admin');
INSERT INTO SD_LOC (LOC,DC,BIZ,ZONE,LOCNM,WHDG,WHFL,LOCROW,LOCCOL,LOCSTG,RGSDE,RGSUSR,UPDDE,UPDUSR)
VALUES ('A2153','GM','HDCR','A2-3','A2-15-3','*','*','A2','15','3',now(),'admin',now(),'admin');
INSERT INTO SD_LOC (LOC,DC,BIZ,ZONE,LOCNM,WHDG,WHFL,LOCROW,LOCCOL,LOCSTG,RGSDE,RGSUSR,UPDDE,UPDUSR)
VALUES ('A2161','GM','HDCR','A2-1','A2-16-1','*','*','A2','16','1',now(),'admin',now(),'admin');
INSERT INTO SD_LOC (LOC,DC,BIZ,ZONE,LOCNM,WHDG,WHFL,LOCROW,LOCCOL,LOCSTG,RGSDE,RGSUSR,UPDDE,UPDUSR)
VALUES ('A2162','GM','HDCR','A2-2','A2-16-2','*','*','A2','16','2',now(),'admin',now(),'admin');
INSERT INTO SD_LOC (LOC,DC,BIZ,ZONE,LOCNM,WHDG,WHFL,LOCROW,LOCCOL,LOCSTG,RGSDE,RGSUSR,UPDDE,UPDUSR)
VALUES ('A2163','GM','HDCR','A2-3','A2-16-3','*','*','A2','16','3',now(),'admin',now(),'admin');
INSERT INTO SD_LOC (LOC,DC,BIZ,ZONE,LOCNM,WHDG,WHFL,LOCROW,LOCCOL,LOCSTG,RGSDE,RGSUSR,UPDDE,UPDUSR)
VALUES ('A2171','GM','HDCR','A2-1','A2-17-1','*','*','A2','17','1',now(),'admin',now(),'admin');
INSERT INTO SD_LOC (LOC,DC,BIZ,ZONE,LOCNM,WHDG,WHFL,LOCROW,LOCCOL,LOCSTG,RGSDE,RGSUSR,UPDDE,UPDUSR)
VALUES ('A2172','GM','HDCR','A2-2','A2-17-2','*','*','A2','17','2',now(),'admin',now(),'admin');
INSERT INTO SD_LOC (LOC,DC,BIZ,ZONE,LOCNM,WHDG,WHFL,LOCROW,LOCCOL,LOCSTG,RGSDE,RGSUSR,UPDDE,UPDUSR)
VALUES ('A2173','GM','HDCR','A2-3','A2-17-3','*','*','A2','17','3',now(),'admin',now(),'admin');
INSERT INTO SD_LOC (LOC,DC,BIZ,ZONE,LOCNM,WHDG,WHFL,LOCROW,LOCCOL,LOCSTG,RGSDE,RGSUSR,UPDDE,UPDUSR)
VALUES ('A2181','GM','HDCR','A2-1','A2-18-1','*','*','A2','18','1',now(),'admin',now(),'admin');
INSERT INTO SD_LOC (LOC,DC,BIZ,ZONE,LOCNM,WHDG,WHFL,LOCROW,LOCCOL,LOCSTG,RGSDE,RGSUSR,UPDDE,UPDUSR)
VALUES ('A2182','GM','HDCR','A2-2','A2-18-2','*','*','A2','18','2',now(),'admin',now(),'admin');
INSERT INTO SD_LOC (LOC,DC,BIZ,ZONE,LOCNM,WHDG,WHFL,LOCROW,LOCCOL,LOCSTG,RGSDE,RGSUSR,UPDDE,UPDUSR)
VALUES ('A2183','GM','HDCR','A2-3','A2-18-3','*','*','A2','18','3',now(),'admin',now(),'admin');
INSERT INTO SD_LOC (LOC,DC,BIZ,ZONE,LOCNM,WHDG,WHFL,LOCROW,LOCCOL,LOCSTG,RGSDE,RGSUSR,UPDDE,UPDUSR)
VALUES ('A2191','GM','HDCR','A2-1','A2-19-1','*','*','A2','19','1',now(),'admin',now(),'admin');
INSERT INTO SD_LOC (LOC,DC,BIZ,ZONE,LOCNM,WHDG,WHFL,LOCROW,LOCCOL,LOCSTG,RGSDE,RGSUSR,UPDDE,UPDUSR)
VALUES ('A2192','GM','HDCR','A2-2','A2-19-2','*','*','A2','19','2',now(),'admin',now(),'admin');
INSERT INTO SD_LOC (LOC,DC,BIZ,ZONE,LOCNM,WHDG,WHFL,LOCROW,LOCCOL,LOCSTG,RGSDE,RGSUSR,UPDDE,UPDUSR)
VALUES ('A2193','GM','HDCR','A2-3','A2-19-3','*','*','A2','19','3',now(),'admin',now(),'admin');
INSERT INTO SD_LOC (LOC,DC,BIZ,ZONE,LOCNM,WHDG,WHFL,LOCROW,LOCCOL,LOCSTG,RGSDE,RGSUSR,UPDDE,UPDUSR)
VALUES ('A2201','GM','HDCR','A2-1','A2-20-1','*','*','A2','20','1',now(),'admin',now(),'admin');
INSERT INTO SD_LOC (LOC,DC,BIZ,ZONE,LOCNM,WHDG,WHFL,LOCROW,LOCCOL,LOCSTG,RGSDE,RGSUSR,UPDDE,UPDUSR)
VALUES ('A2202','GM','HDCR','A2-2','A2-20-2','*','*','A2','20','2',now(),'admin',now(),'admin');
INSERT INTO SD_LOC (LOC,DC,BIZ,ZONE,LOCNM,WHDG,WHFL,LOCROW,LOCCOL,LOCSTG,RGSDE,RGSUSR,UPDDE,UPDUSR)
VALUES ('A2203','GM','HDCR','A2-3','A2-20-3','*','*','A2','20','3',now(),'admin',now(),'admin');
INSERT INTO SD_LOC (LOC,DC,BIZ,ZONE,LOCNM,WHDG,WHFL,LOCROW,LOCCOL,LOCSTG,RGSDE,RGSUSR,UPDDE,UPDUSR)
VALUES ('A2211','GM','HDCR','A2-1','A2-21-1','*','*','A2','21','1',now(),'admin',now(),'admin');
INSERT INTO SD_LOC (LOC,DC,BIZ,ZONE,LOCNM,WHDG,WHFL,LOCROW,LOCCOL,LOCSTG,RGSDE,RGSUSR,UPDDE,UPDUSR)
VALUES ('A2212','GM','HDCR','A2-2','A2-21-2','*','*','A2','21','2',now(),'admin',now(),'admin');
INSERT INTO SD_LOC (LOC,DC,BIZ,ZONE,LOCNM,WHDG,WHFL,LOCROW,LOCCOL,LOCSTG,RGSDE,RGSUSR,UPDDE,UPDUSR)
VALUES ('A2213','GM','HDCR','A2-3','A2-21-3','*','*','A2','21','3',now(),'admin',now(),'admin');
INSERT INTO SD_LOC (LOC,DC,BIZ,ZONE,LOCNM,WHDG,WHFL,LOCROW,LOCCOL,LOCSTG,RGSDE,RGSUSR,UPDDE,UPDUSR)
VALUES ('A2221','GM','HDCR','A2-1','A2-22-1','*','*','A2','22','1',now(),'admin',now(),'admin');
INSERT INTO SD_LOC (LOC,DC,BIZ,ZONE,LOCNM,WHDG,WHFL,LOCROW,LOCCOL,LOCSTG,RGSDE,RGSUSR,UPDDE,UPDUSR)
VALUES ('A2222','GM','HDCR','A2-2','A2-22-2','*','*','A2','22','2',now(),'admin',now(),'admin');
INSERT INTO SD_LOC (LOC,DC,BIZ,ZONE,LOCNM,WHDG,WHFL,LOCROW,LOCCOL,LOCSTG,RGSDE,RGSUSR,UPDDE,UPDUSR)
VALUES ('A2223','GM','HDCR','A2-3','A2-22-3','*','*','A2','22','3',now(),'admin',now(),'admin');
INSERT INTO SD_LOC (LOC,DC,BIZ,ZONE,LOCNM,WHDG,WHFL,LOCROW,LOCCOL,LOCSTG,RGSDE,RGSUSR,UPDDE,UPDUSR)
VALUES ('A2231','GM','HDCR','A2-1','A2-23-1','*','*','A2','23','1',now(),'admin',now(),'admin');
INSERT INTO SD_LOC (LOC,DC,BIZ,ZONE,LOCNM,WHDG,WHFL,LOCROW,LOCCOL,LOCSTG,RGSDE,RGSUSR,UPDDE,UPDUSR)
VALUES ('A2232','GM','HDCR','A2-2','A2-23-2','*','*','A2','23','2',now(),'admin',now(),'admin');
INSERT INTO SD_LOC (LOC,DC,BIZ,ZONE,LOCNM,WHDG,WHFL,LOCROW,LOCCOL,LOCSTG,RGSDE,RGSUSR,UPDDE,UPDUSR)
VALUES ('A2233','GM','HDCR','A2-3','A2-23-3','*','*','A2','23','3',now(),'admin',now(),'admin');
INSERT INTO SD_LOC (LOC,DC,BIZ,ZONE,LOCNM,WHDG,WHFL,LOCROW,LOCCOL,LOCSTG,RGSDE,RGSUSR,UPDDE,UPDUSR)
VALUES ('A2241','GM','HDCR','A2-1','A2-24-1','*','*','A2','24','1',now(),'admin',now(),'admin');
INSERT INTO SD_LOC (LOC,DC,BIZ,ZONE,LOCNM,WHDG,WHFL,LOCROW,LOCCOL,LOCSTG,RGSDE,RGSUSR,UPDDE,UPDUSR)
VALUES ('A2242','GM','HDCR','A2-2','A2-24-2','*','*','A2','24','2',now(),'admin',now(),'admin');
INSERT INTO SD_LOC (LOC,DC,BIZ,ZONE,LOCNM,WHDG,WHFL,LOCROW,LOCCOL,LOCSTG,RGSDE,RGSUSR,UPDDE,UPDUSR)
VALUES ('A2243','GM','HDCR','A2-3','A2-24-3','*','*','A2','24','3',now(),'admin',now(),'admin');
INSERT INTO SD_LOC (LOC,DC,BIZ,ZONE,LOCNM,WHDG,WHFL,LOCROW,LOCCOL,LOCSTG,RGSDE,RGSUSR,UPDDE,UPDUSR)
VALUES ('B1011','GM','HDCR','B1-1','B1-01-1','*','*','B1','01','1',now(),'admin',now(),'admin');
INSERT INTO SD_LOC (LOC,DC,BIZ,ZONE,LOCNM,WHDG,WHFL,LOCROW,LOCCOL,LOCSTG,RGSDE,RGSUSR,UPDDE,UPDUSR)
VALUES ('B1012','GM','HDCR','B1-2','B1-01-2','*','*','B1','01','2',now(),'admin',now(),'admin');
INSERT INTO SD_LOC (LOC,DC,BIZ,ZONE,LOCNM,WHDG,WHFL,LOCROW,LOCCOL,LOCSTG,RGSDE,RGSUSR,UPDDE,UPDUSR)
VALUES ('B1013','GM','HDCR','B1-3','B1-01-3','*','*','B1','01','3',now(),'admin',now(),'admin');
INSERT INTO SD_LOC (LOC,DC,BIZ,ZONE,LOCNM,WHDG,WHFL,LOCROW,LOCCOL,LOCSTG,RGSDE,RGSUSR,UPDDE,UPDUSR)
VALUES ('B1021','GM','HDCR','B1-1','B1-02-1','*','*','B1','02','1',now(),'admin',now(),'admin');
INSERT INTO SD_LOC (LOC,DC,BIZ,ZONE,LOCNM,WHDG,WHFL,LOCROW,LOCCOL,LOCSTG,RGSDE,RGSUSR,UPDDE,UPDUSR)
VALUES ('B1022','GM','HDCR','B1-2','B1-02-2','*','*','B1','02','2',now(),'admin',now(),'admin');
INSERT INTO SD_LOC (LOC,DC,BIZ,ZONE,LOCNM,WHDG,WHFL,LOCROW,LOCCOL,LOCSTG,RGSDE,RGSUSR,UPDDE,UPDUSR)
VALUES ('B1023','GM','HDCR','B1-3','B1-02-3','*','*','B1','02','3',now(),'admin',now(),'admin');
INSERT INTO SD_LOC (LOC,DC,BIZ,ZONE,LOCNM,WHDG,WHFL,LOCROW,LOCCOL,LOCSTG,RGSDE,RGSUSR,UPDDE,UPDUSR)
VALUES ('B1031','GM','HDCR','B1-1','B1-03-1','*','*','B1','03','1',now(),'admin',now(),'admin');
INSERT INTO SD_LOC (LOC,DC,BIZ,ZONE,LOCNM,WHDG,WHFL,LOCROW,LOCCOL,LOCSTG,RGSDE,RGSUSR,UPDDE,UPDUSR)
VALUES ('B1032','GM','HDCR','B1-2','B1-03-2','*','*','B1','03','2',now(),'admin',now(),'admin');
INSERT INTO SD_LOC (LOC,DC,BIZ,ZONE,LOCNM,WHDG,WHFL,LOCROW,LOCCOL,LOCSTG,RGSDE,RGSUSR,UPDDE,UPDUSR)
VALUES ('B1033','GM','HDCR','B1-3','B1-03-3','*','*','B1','03','3',now(),'admin',now(),'admin');
INSERT INTO SD_LOC (LOC,DC,BIZ,ZONE,LOCNM,WHDG,WHFL,LOCROW,LOCCOL,LOCSTG,RGSDE,RGSUSR,UPDDE,UPDUSR)
VALUES ('B1041','GM','HDCR','B1-1','B1-04-1','*','*','B1','04','1',now(),'admin',now(),'admin');
INSERT INTO SD_LOC (LOC,DC,BIZ,ZONE,LOCNM,WHDG,WHFL,LOCROW,LOCCOL,LOCSTG,RGSDE,RGSUSR,UPDDE,UPDUSR)
VALUES ('B1042','GM','HDCR','B1-2','B1-04-2','*','*','B1','04','2',now(),'admin',now(),'admin');
INSERT INTO SD_LOC (LOC,DC,BIZ,ZONE,LOCNM,WHDG,WHFL,LOCROW,LOCCOL,LOCSTG,RGSDE,RGSUSR,UPDDE,UPDUSR)
VALUES ('B1043','GM','HDCR','B1-3','B1-04-3','*','*','B1','04','3',now(),'admin',now(),'admin');
INSERT INTO SD_LOC (LOC,DC,BIZ,ZONE,LOCNM,WHDG,WHFL,LOCROW,LOCCOL,LOCSTG,RGSDE,RGSUSR,UPDDE,UPDUSR)
VALUES ('B1051','GM','HDCR','B1-1','B1-05-1','*','*','B1','05','1',now(),'admin',now(),'admin');
INSERT INTO SD_LOC (LOC,DC,BIZ,ZONE,LOCNM,WHDG,WHFL,LOCROW,LOCCOL,LOCSTG,RGSDE,RGSUSR,UPDDE,UPDUSR)
VALUES ('B1052','GM','HDCR','B1-2','B1-05-2','*','*','B1','05','2',now(),'admin',now(),'admin');
INSERT INTO SD_LOC (LOC,DC,BIZ,ZONE,LOCNM,WHDG,WHFL,LOCROW,LOCCOL,LOCSTG,RGSDE,RGSUSR,UPDDE,UPDUSR)
VALUES ('B1053','GM','HDCR','B1-3','B1-05-3','*','*','B1','05','3',now(),'admin',now(),'admin');
INSERT INTO SD_LOC (LOC,DC,BIZ,ZONE,LOCNM,WHDG,WHFL,LOCROW,LOCCOL,LOCSTG,RGSDE,RGSUSR,UPDDE,UPDUSR)
VALUES ('B1061','GM','HDCR','B1-1','B1-06-1','*','*','B1','06','1',now(),'admin',now(),'admin');
INSERT INTO SD_LOC (LOC,DC,BIZ,ZONE,LOCNM,WHDG,WHFL,LOCROW,LOCCOL,LOCSTG,RGSDE,RGSUSR,UPDDE,UPDUSR)
VALUES ('B1062','GM','HDCR','B1-2','B1-06-2','*','*','B1','06','2',now(),'admin',now(),'admin');
INSERT INTO SD_LOC (LOC,DC,BIZ,ZONE,LOCNM,WHDG,WHFL,LOCROW,LOCCOL,LOCSTG,RGSDE,RGSUSR,UPDDE,UPDUSR)
VALUES ('B1063','GM','HDCR','B1-3','B1-06-3','*','*','B1','06','3',now(),'admin',now(),'admin');
INSERT INTO SD_LOC (LOC,DC,BIZ,ZONE,LOCNM,WHDG,WHFL,LOCROW,LOCCOL,LOCSTG,RGSDE,RGSUSR,UPDDE,UPDUSR)
VALUES ('B1071','GM','HDCR','B1-1','B1-07-1','*','*','B1','07','1',now(),'admin',now(),'admin');
INSERT INTO SD_LOC (LOC,DC,BIZ,ZONE,LOCNM,WHDG,WHFL,LOCROW,LOCCOL,LOCSTG,RGSDE,RGSUSR,UPDDE,UPDUSR)
VALUES ('B1072','GM','HDCR','B1-2','B1-07-2','*','*','B1','07','2',now(),'admin',now(),'admin');
INSERT INTO SD_LOC (LOC,DC,BIZ,ZONE,LOCNM,WHDG,WHFL,LOCROW,LOCCOL,LOCSTG,RGSDE,RGSUSR,UPDDE,UPDUSR)
VALUES ('B1073','GM','HDCR','B1-3','B1-07-3','*','*','B1','07','3',now(),'admin',now(),'admin');
INSERT INTO SD_LOC (LOC,DC,BIZ,ZONE,LOCNM,WHDG,WHFL,LOCROW,LOCCOL,LOCSTG,RGSDE,RGSUSR,UPDDE,UPDUSR)
VALUES ('B1081','GM','HDCR','B1-1','B1-08-1','*','*','B1','08','1',now(),'admin',now(),'admin');
INSERT INTO SD_LOC (LOC,DC,BIZ,ZONE,LOCNM,WHDG,WHFL,LOCROW,LOCCOL,LOCSTG,RGSDE,RGSUSR,UPDDE,UPDUSR)
VALUES ('B1082','GM','HDCR','B1-2','B1-08-2','*','*','B1','08','2',now(),'admin',now(),'admin');
INSERT INTO SD_LOC (LOC,DC,BIZ,ZONE,LOCNM,WHDG,WHFL,LOCROW,LOCCOL,LOCSTG,RGSDE,RGSUSR,UPDDE,UPDUSR)
VALUES ('B1083','GM','HDCR','B1-3','B1-08-3','*','*','B1','08','3',now(),'admin',now(),'admin');
INSERT INTO SD_LOC (LOC,DC,BIZ,ZONE,LOCNM,WHDG,WHFL,LOCROW,LOCCOL,LOCSTG,RGSDE,RGSUSR,UPDDE,UPDUSR)
VALUES ('B1091','GM','HDCR','B1-1','B1-09-1','*','*','B1','09','1',now(),'admin',now(),'admin');
INSERT INTO SD_LOC (LOC,DC,BIZ,ZONE,LOCNM,WHDG,WHFL,LOCROW,LOCCOL,LOCSTG,RGSDE,RGSUSR,UPDDE,UPDUSR)
VALUES ('A1011','GM','HDCR','A1-1','A1-01-1','*','*','A1','01','1',now(),'admin',now(),'admin');
INSERT INTO SD_LOC (LOC,DC,BIZ,ZONE,LOCNM,WHDG,WHFL,LOCROW,LOCCOL,LOCSTG,RGSDE,RGSUSR,UPDDE,UPDUSR)
VALUES ('A1012','GM','HDCR','A1-2','A1-01-2','*','*','A1','01','2',now(),'admin',now(),'admin');
INSERT INTO SD_LOC (LOC,DC,BIZ,ZONE,LOCNM,WHDG,WHFL,LOCROW,LOCCOL,LOCSTG,RGSDE,RGSUSR,UPDDE,UPDUSR)
VALUES ('A1013','GM','HDCR','A1-3','A1-01-3','*','*','A1','01','3',now(),'admin',now(),'admin');
INSERT INTO SD_LOC (LOC,DC,BIZ,ZONE,LOCNM,WHDG,WHFL,LOCROW,LOCCOL,LOCSTG,RGSDE,RGSUSR,UPDDE,UPDUSR)
VALUES ('A1021','GM','HDCR','A1-1','A1-02-1','*','*','A1','02','1',now(),'admin',now(),'admin');
INSERT INTO SD_LOC (LOC,DC,BIZ,ZONE,LOCNM,WHDG,WHFL,LOCROW,LOCCOL,LOCSTG,RGSDE,RGSUSR,UPDDE,UPDUSR)
VALUES ('A1022','GM','HDCR','A1-2','A1-02-2','*','*','A1','02','2',now(),'admin',now(),'admin');
INSERT INTO SD_LOC (LOC,DC,BIZ,ZONE,LOCNM,WHDG,WHFL,LOCROW,LOCCOL,LOCSTG,RGSDE,RGSUSR,UPDDE,UPDUSR)
VALUES ('A1023','GM','HDCR','A1-3','A1-02-3','*','*','A1','02','3',now(),'admin',now(),'admin');
INSERT INTO SD_LOC (LOC,DC,BIZ,ZONE,LOCNM,WHDG,WHFL,LOCROW,LOCCOL,LOCSTG,RGSDE,RGSUSR,UPDDE,UPDUSR)
VALUES ('A1031','GM','HDCR','A1-1','A1-03-1','*','*','A1','03','1',now(),'admin',now(),'admin');
INSERT INTO SD_LOC (LOC,DC,BIZ,ZONE,LOCNM,WHDG,WHFL,LOCROW,LOCCOL,LOCSTG,RGSDE,RGSUSR,UPDDE,UPDUSR)
VALUES ('A1032','GM','HDCR','A1-2','A1-03-2','*','*','A1','03','2',now(),'admin',now(),'admin');
INSERT INTO SD_LOC (LOC,DC,BIZ,ZONE,LOCNM,WHDG,WHFL,LOCROW,LOCCOL,LOCSTG,RGSDE,RGSUSR,UPDDE,UPDUSR)
VALUES ('A1033','GM','HDCR','A1-3','A1-03-3','*','*','A1','03','3',now(),'admin',now(),'admin');
INSERT INTO SD_LOC (LOC,DC,BIZ,ZONE,LOCNM,WHDG,WHFL,LOCROW,LOCCOL,LOCSTG,RGSDE,RGSUSR,UPDDE,UPDUSR)
VALUES ('A1041','GM','HDCR','A1-1','A1-04-1','*','*','A1','04','1',now(),'admin',now(),'admin');
INSERT INTO SD_LOC (LOC,DC,BIZ,ZONE,LOCNM,WHDG,WHFL,LOCROW,LOCCOL,LOCSTG,RGSDE,RGSUSR,UPDDE,UPDUSR)
VALUES ('A1042','GM','HDCR','A1-2','A1-04-2','*','*','A1','04','2',now(),'admin',now(),'admin');
INSERT INTO SD_LOC (LOC,DC,BIZ,ZONE,LOCNM,WHDG,WHFL,LOCROW,LOCCOL,LOCSTG,RGSDE,RGSUSR,UPDDE,UPDUSR)
VALUES ('A1043','GM','HDCR','A1-3','A1-04-3','*','*','A1','04','3',now(),'admin',now(),'admin');
INSERT INTO SD_LOC (LOC,DC,BIZ,ZONE,LOCNM,WHDG,WHFL,LOCROW,LOCCOL,LOCSTG,RGSDE,RGSUSR,UPDDE,UPDUSR)
VALUES ('A1051','GM','HDCR','A1-1','A1-05-1','*','*','A1','05','1',now(),'admin',now(),'admin');
INSERT INTO SD_LOC (LOC,DC,BIZ,ZONE,LOCNM,WHDG,WHFL,LOCROW,LOCCOL,LOCSTG,RGSDE,RGSUSR,UPDDE,UPDUSR)
VALUES ('A1052','GM','HDCR','A1-2','A1-05-2','*','*','A1','05','2',now(),'admin',now(),'admin');
INSERT INTO SD_LOC (LOC,DC,BIZ,ZONE,LOCNM,WHDG,WHFL,LOCROW,LOCCOL,LOCSTG,RGSDE,RGSUSR,UPDDE,UPDUSR)
VALUES ('A1053','GM','HDCR','A1-3','A1-05-3','*','*','A1','05','3',now(),'admin',now(),'admin');
INSERT INTO SD_LOC (LOC,DC,BIZ,ZONE,LOCNM,WHDG,WHFL,LOCROW,LOCCOL,LOCSTG,RGSDE,RGSUSR,UPDDE,UPDUSR)
VALUES ('A1061','GM','HDCR','A1-1','A1-06-1','*','*','A1','06','1',now(),'admin',now(),'admin');
INSERT INTO SD_LOC (LOC,DC,BIZ,ZONE,LOCNM,WHDG,WHFL,LOCROW,LOCCOL,LOCSTG,RGSDE,RGSUSR,UPDDE,UPDUSR)
VALUES ('A1062','GM','HDCR','A1-2','A1-06-2','*','*','A1','06','2',now(),'admin',now(),'admin');
INSERT INTO SD_LOC (LOC,DC,BIZ,ZONE,LOCNM,WHDG,WHFL,LOCROW,LOCCOL,LOCSTG,RGSDE,RGSUSR,UPDDE,UPDUSR)
VALUES ('A1063','GM','HDCR','A1-3','A1-06-3','*','*','A1','06','3',now(),'admin',now(),'admin');
INSERT INTO SD_LOC (LOC,DC,BIZ,ZONE,LOCNM,WHDG,WHFL,LOCROW,LOCCOL,LOCSTG,RGSDE,RGSUSR,UPDDE,UPDUSR)
VALUES ('A1071','GM','HDCR','A1-1','A1-07-1','*','*','A1','07','1',now(),'admin',now(),'admin');
INSERT INTO SD_LOC (LOC,DC,BIZ,ZONE,LOCNM,WHDG,WHFL,LOCROW,LOCCOL,LOCSTG,RGSDE,RGSUSR,UPDDE,UPDUSR)
VALUES ('A1072','GM','HDCR','A1-2','A1-07-2','*','*','A1','07','2',now(),'admin',now(),'admin');
INSERT INTO SD_LOC (LOC,DC,BIZ,ZONE,LOCNM,WHDG,WHFL,LOCROW,LOCCOL,LOCSTG,RGSDE,RGSUSR,UPDDE,UPDUSR)
VALUES ('A1073','GM','HDCR','A1-3','A1-07-3','*','*','A1','07','3',now(),'admin',now(),'admin');
INSERT INTO SD_LOC (LOC,DC,BIZ,ZONE,LOCNM,WHDG,WHFL,LOCROW,LOCCOL,LOCSTG,RGSDE,RGSUSR,UPDDE,UPDUSR)
VALUES ('A1081','GM','HDCR','A1-1','A1-08-1','*','*','A1','08','1',now(),'admin',now(),'admin');
INSERT INTO SD_LOC (LOC,DC,BIZ,ZONE,LOCNM,WHDG,WHFL,LOCROW,LOCCOL,LOCSTG,RGSDE,RGSUSR,UPDDE,UPDUSR)
VALUES ('A1082','GM','HDCR','A1-2','A1-08-2','*','*','A1','08','2',now(),'admin',now(),'admin');
INSERT INTO SD_LOC (LOC,DC,BIZ,ZONE,LOCNM,WHDG,WHFL,LOCROW,LOCCOL,LOCSTG,RGSDE,RGSUSR,UPDDE,UPDUSR)
VALUES ('A1083','GM','HDCR','A1-3','A1-08-3','*','*','A1','08','3',now(),'admin',now(),'admin');
INSERT INTO SD_LOC (LOC,DC,BIZ,ZONE,LOCNM,WHDG,WHFL,LOCROW,LOCCOL,LOCSTG,RGSDE,RGSUSR,UPDDE,UPDUSR)
VALUES ('A1091','GM','HDCR','A1-1','A1-09-1','*','*','A1','09','1',now(),'admin',now(),'admin');
INSERT INTO SD_LOC (LOC,DC,BIZ,ZONE,LOCNM,WHDG,WHFL,LOCROW,LOCCOL,LOCSTG,RGSDE,RGSUSR,UPDDE,UPDUSR)
VALUES ('A1092','GM','HDCR','A1-2','A1-09-2','*','*','A1','09','2',now(),'admin',now(),'admin');
INSERT INTO SD_LOC (LOC,DC,BIZ,ZONE,LOCNM,WHDG,WHFL,LOCROW,LOCCOL,LOCSTG,RGSDE,RGSUSR,UPDDE,UPDUSR)
VALUES ('A1093','GM','HDCR','A1-3','A1-09-3','*','*','A1','09','3',now(),'admin',now(),'admin');
INSERT INTO SD_LOC (LOC,DC,BIZ,ZONE,LOCNM,WHDG,WHFL,LOCROW,LOCCOL,LOCSTG,RGSDE,RGSUSR,UPDDE,UPDUSR)
VALUES ('A1101','GM','HDCR','A1-1','A1-10-1','*','*','A1','10','1',now(),'admin',now(),'admin');
INSERT INTO SD_LOC (LOC,DC,BIZ,ZONE,LOCNM,WHDG,WHFL,LOCROW,LOCCOL,LOCSTG,RGSDE,RGSUSR,UPDDE,UPDUSR)
VALUES ('A1102','GM','HDCR','A1-2','A1-10-2','*','*','A1','10','2',now(),'admin',now(),'admin');
INSERT INTO SD_LOC (LOC,DC,BIZ,ZONE,LOCNM,WHDG,WHFL,LOCROW,LOCCOL,LOCSTG,RGSDE,RGSUSR,UPDDE,UPDUSR)
VALUES ('A1103','GM','HDCR','A1-3','A1-10-3','*','*','A1','10','3',now(),'admin',now(),'admin');
INSERT INTO SD_LOC (LOC,DC,BIZ,ZONE,LOCNM,WHDG,WHFL,LOCROW,LOCCOL,LOCSTG,RGSDE,RGSUSR,UPDDE,UPDUSR)
VALUES ('A1111','GM','HDCR','A1-1','A1-11-1','*','*','A1','11','1',now(),'admin',now(),'admin');
INSERT INTO SD_LOC (LOC,DC,BIZ,ZONE,LOCNM,WHDG,WHFL,LOCROW,LOCCOL,LOCSTG,RGSDE,RGSUSR,UPDDE,UPDUSR)
VALUES ('A1112','GM','HDCR','A1-2','A1-11-2','*','*','A1','11','2',now(),'admin',now(),'admin');
INSERT INTO SD_LOC (LOC,DC,BIZ,ZONE,LOCNM,WHDG,WHFL,LOCROW,LOCCOL,LOCSTG,RGSDE,RGSUSR,UPDDE,UPDUSR)
VALUES ('A1113','GM','HDCR','A1-3','A1-11-3','*','*','A1','11','3',now(),'admin',now(),'admin');
INSERT INTO SD_LOC (LOC,DC,BIZ,ZONE,LOCNM,WHDG,WHFL,LOCROW,LOCCOL,LOCSTG,RGSDE,RGSUSR,UPDDE,UPDUSR)
VALUES ('A1121','GM','HDCR','A1-1','A1-12-1','*','*','A1','12','1',now(),'admin',now(),'admin');
INSERT INTO SD_LOC (LOC,DC,BIZ,ZONE,LOCNM,WHDG,WHFL,LOCROW,LOCCOL,LOCSTG,RGSDE,RGSUSR,UPDDE,UPDUSR)
VALUES ('A1122','GM','HDCR','A1-2','A1-12-2','*','*','A1','12','2',now(),'admin',now(),'admin');
INSERT INTO SD_LOC (LOC,DC,BIZ,ZONE,LOCNM,WHDG,WHFL,LOCROW,LOCCOL,LOCSTG,RGSDE,RGSUSR,UPDDE,UPDUSR)
VALUES ('A1123','GM','HDCR','A1-3','A1-12-3','*','*','A1','12','3',now(),'admin',now(),'admin');
INSERT INTO SD_LOC (LOC,DC,BIZ,ZONE,LOCNM,WHDG,WHFL,LOCROW,LOCCOL,LOCSTG,RGSDE,RGSUSR,UPDDE,UPDUSR)
VALUES ('A1131','GM','HDCR','A1-1','A1-13-1','*','*','A1','13','1',now(),'admin',now(),'admin');
INSERT INTO SD_LOC (LOC,DC,BIZ,ZONE,LOCNM,WHDG,WHFL,LOCROW,LOCCOL,LOCSTG,RGSDE,RGSUSR,UPDDE,UPDUSR)
VALUES ('A1132','GM','HDCR','A1-2','A1-13-2','*','*','A1','13','2',now(),'admin',now(),'admin');
INSERT INTO SD_LOC (LOC,DC,BIZ,ZONE,LOCNM,WHDG,WHFL,LOCROW,LOCCOL,LOCSTG,RGSDE,RGSUSR,UPDDE,UPDUSR)
VALUES ('A1133','GM','HDCR','A1-3','A1-13-3','*','*','A1','13','3',now(),'admin',now(),'admin');
INSERT INTO SD_LOC (LOC,DC,BIZ,ZONE,LOCNM,WHDG,WHFL,LOCROW,LOCCOL,LOCSTG,RGSDE,RGSUSR,UPDDE,UPDUSR)
VALUES ('A1141','GM','HDCR','A1-1','A1-14-1','*','*','A1','14','1',now(),'admin',now(),'admin');
INSERT INTO SD_LOC (LOC,DC,BIZ,ZONE,LOCNM,WHDG,WHFL,LOCROW,LOCCOL,LOCSTG,RGSDE,RGSUSR,UPDDE,UPDUSR)
VALUES ('A1142','GM','HDCR','A1-2','A1-14-2','*','*','A1','14','2',now(),'admin',now(),'admin');
INSERT INTO SD_LOC (LOC,DC,BIZ,ZONE,LOCNM,WHDG,WHFL,LOCROW,LOCCOL,LOCSTG,RGSDE,RGSUSR,UPDDE,UPDUSR)
VALUES ('A1143','GM','HDCR','A1-3','A1-14-3','*','*','A1','14','3',now(),'admin',now(),'admin');
INSERT INTO SD_LOC (LOC,DC,BIZ,ZONE,LOCNM,WHDG,WHFL,LOCROW,LOCCOL,LOCSTG,RGSDE,RGSUSR,UPDDE,UPDUSR)
VALUES ('A2011','GM','HDCR','A2-1','A2-01-1','*','*','A2','01','1',now(),'admin',now(),'admin');
INSERT INTO SD_LOC (LOC,DC,BIZ,ZONE,LOCNM,WHDG,WHFL,LOCROW,LOCCOL,LOCSTG,RGSDE,RGSUSR,UPDDE,UPDUSR)
VALUES ('A2012','GM','HDCR','A2-2','A2-01-2','*','*','A2','01','2',now(),'admin',now(),'admin');
INSERT INTO SD_LOC (LOC,DC,BIZ,ZONE,LOCNM,WHDG,WHFL,LOCROW,LOCCOL,LOCSTG,RGSDE,RGSUSR,UPDDE,UPDUSR)
VALUES ('A2013','GM','HDCR','A2-3','A2-01-3','*','*','A2','01','3',now(),'admin',now(),'admin');
INSERT INTO SD_LOC (LOC,DC,BIZ,ZONE,LOCNM,WHDG,WHFL,LOCROW,LOCCOL,LOCSTG,RGSDE,RGSUSR,UPDDE,UPDUSR)
VALUES ('A2021','GM','HDCR','A2-1','A2-02-1','*','*','A2','02','1',now(),'admin',now(),'admin');
INSERT INTO SD_LOC (LOC,DC,BIZ,ZONE,LOCNM,WHDG,WHFL,LOCROW,LOCCOL,LOCSTG,RGSDE,RGSUSR,UPDDE,UPDUSR)
VALUES ('A2022','GM','HDCR','A2-2','A2-02-2','*','*','A2','02','2',now(),'admin',now(),'admin');
INSERT INTO SD_LOC (LOC,DC,BIZ,ZONE,LOCNM,WHDG,WHFL,LOCROW,LOCCOL,LOCSTG,RGSDE,RGSUSR,UPDDE,UPDUSR)
VALUES ('A2023','GM','HDCR','A2-3','A2-02-3','*','*','A2','02','3',now(),'admin',now(),'admin');
INSERT INTO SD_LOC (LOC,DC,BIZ,ZONE,LOCNM,WHDG,WHFL,LOCROW,LOCCOL,LOCSTG,RGSDE,RGSUSR,UPDDE,UPDUSR)
VALUES ('A2031','GM','HDCR','A2-1','A2-03-1','*','*','A2','03','1',now(),'admin',now(),'admin');
INSERT INTO SD_LOC (LOC,DC,BIZ,ZONE,LOCNM,WHDG,WHFL,LOCROW,LOCCOL,LOCSTG,RGSDE,RGSUSR,UPDDE,UPDUSR)
VALUES ('A2032','GM','HDCR','A2-2','A2-03-2','*','*','A2','03','2',now(),'admin',now(),'admin');
INSERT INTO SD_LOC (LOC,DC,BIZ,ZONE,LOCNM,WHDG,WHFL,LOCROW,LOCCOL,LOCSTG,RGSDE,RGSUSR,UPDDE,UPDUSR)
VALUES ('A2033','GM','HDCR','A2-3','A2-03-3','*','*','A2','03','3',now(),'admin',now(),'admin');
INSERT INTO SD_LOC (LOC,DC,BIZ,ZONE,LOCNM,WHDG,WHFL,LOCROW,LOCCOL,LOCSTG,RGSDE,RGSUSR,UPDDE,UPDUSR)
VALUES ('A2041','GM','HDCR','A2-1','A2-04-1','*','*','A2','04','1',now(),'admin',now(),'admin');
INSERT INTO SD_LOC (LOC,DC,BIZ,ZONE,LOCNM,WHDG,WHFL,LOCROW,LOCCOL,LOCSTG,RGSDE,RGSUSR,UPDDE,UPDUSR)
VALUES ('A2042','GM','HDCR','A2-2','A2-04-2','*','*','A2','04','2',now(),'admin',now(),'admin');
INSERT INTO SD_LOC (LOC,DC,BIZ,ZONE,LOCNM,WHDG,WHFL,LOCROW,LOCCOL,LOCSTG,RGSDE,RGSUSR,UPDDE,UPDUSR)
VALUES ('A2043','GM','HDCR','A2-3','A2-04-3','*','*','A2','04','3',now(),'admin',now(),'admin');
INSERT INTO SD_LOC (LOC,DC,BIZ,ZONE,LOCNM,WHDG,WHFL,LOCROW,LOCCOL,LOCSTG,RGSDE,RGSUSR,UPDDE,UPDUSR)
VALUES ('A2051','GM','HDCR','A2-1','A2-05-1','*','*','A2','05','1',now(),'admin',now(),'admin');
INSERT INTO SD_LOC (LOC,DC,BIZ,ZONE,LOCNM,WHDG,WHFL,LOCROW,LOCCOL,LOCSTG,RGSDE,RGSUSR,UPDDE,UPDUSR)
VALUES ('X1011','GM','HDCR','X1-1','X1-01-1','*','*','X1','01','1',now(),'admin',now(),'admin');
INSERT INTO SD_LOC (LOC,DC,BIZ,ZONE,LOCNM,WHDG,WHFL,LOCROW,LOCCOL,LOCSTG,RGSDE,RGSUSR,UPDDE,UPDUSR)
VALUES ('Y1011','GM','HDCR','Y1-1','Y1-01-1','*','*','Y1','01','1',now(),'admin',now(),'admin');
INSERT INTO SD_LOC (LOC,DC,BIZ,ZONE,LOCNM,WHDG,WHFL,LOCROW,LOCCOL,LOCSTG,RGSDE,RGSUSR,UPDDE,UPDUSR)
VALUES ('F1131','GM','HDCR','F1-1','F1-13-1','*','*','F1','13','1',now(),'admin',now(),'admin');
INSERT INTO SD_LOC (LOC,DC,BIZ,ZONE,LOCNM,WHDG,WHFL,LOCROW,LOCCOL,LOCSTG,RGSDE,RGSUSR,UPDDE,UPDUSR)
VALUES ('F1141','GM','HDCR','F1-1','F1-14-1','*','*','F1','14','1',now(),'admin',now(),'admin');
INSERT INTO SD_LOC (LOC,DC,BIZ,ZONE,LOCNM,WHDG,WHFL,LOCROW,LOCCOL,LOCSTG,RGSDE,RGSUSR,UPDDE,UPDUSR)
VALUES ('F1012','GM','HDCR','F1-2','F1-01-2','*','*','F1','01','2',now(),'admin',now(),'admin');
INSERT INTO SD_LOC (LOC,DC,BIZ,ZONE,LOCNM,WHDG,WHFL,LOCROW,LOCCOL,LOCSTG,RGSDE,RGSUSR,UPDDE,UPDUSR)
VALUES ('F1022','GM','HDCR','F1-2','F1-02-2','*','*','F1','02','2',now(),'admin',now(),'admin');
INSERT INTO SD_LOC (LOC,DC,BIZ,ZONE,LOCNM,WHDG,WHFL,LOCROW,LOCCOL,LOCSTG,RGSDE,RGSUSR,UPDDE,UPDUSR)
VALUES ('F1032','GM','HDCR','F1-2','F1-03-2','*','*','F1','03','2',now(),'admin',now(),'admin');
INSERT INTO SD_LOC (LOC,DC,BIZ,ZONE,LOCNM,WHDG,WHFL,LOCROW,LOCCOL,LOCSTG,RGSDE,RGSUSR,UPDDE,UPDUSR)
VALUES ('F1042','GM','HDCR','F1-2','F1-04-2','*','*','F1','04','2',now(),'admin',now(),'admin');
INSERT INTO SD_LOC (LOC,DC,BIZ,ZONE,LOCNM,WHDG,WHFL,LOCROW,LOCCOL,LOCSTG,RGSDE,RGSUSR,UPDDE,UPDUSR)
VALUES ('F1052','GM','HDCR','F1-2','F1-05-2','*','*','F1','05','2',now(),'admin',now(),'admin');
INSERT INTO SD_LOC (LOC,DC,BIZ,ZONE,LOCNM,WHDG,WHFL,LOCROW,LOCCOL,LOCSTG,RGSDE,RGSUSR,UPDDE,UPDUSR)
VALUES ('F1062','GM','HDCR','F1-2','F1-06-2','*','*','F1','06','2',now(),'admin',now(),'admin');
INSERT INTO SD_LOC (LOC,DC,BIZ,ZONE,LOCNM,WHDG,WHFL,LOCROW,LOCCOL,LOCSTG,RGSDE,RGSUSR,UPDDE,UPDUSR)
VALUES ('F1072','GM','HDCR','F1-2','F1-07-2','*','*','F1','07','2',now(),'admin',now(),'admin');
INSERT INTO SD_LOC (LOC,DC,BIZ,ZONE,LOCNM,WHDG,WHFL,LOCROW,LOCCOL,LOCSTG,RGSDE,RGSUSR,UPDDE,UPDUSR)
VALUES ('F1082','GM','HDCR','F1-2','F1-08-2','*','*','F1','08','2',now(),'admin',now(),'admin');
INSERT INTO SD_LOC (LOC,DC,BIZ,ZONE,LOCNM,WHDG,WHFL,LOCROW,LOCCOL,LOCSTG,RGSDE,RGSUSR,UPDDE,UPDUSR)
VALUES ('F1092','GM','HDCR','F1-2','F1-09-2','*','*','F1','09','2',now(),'admin',now(),'admin');
INSERT INTO SD_LOC (LOC,DC,BIZ,ZONE,LOCNM,WHDG,WHFL,LOCROW,LOCCOL,LOCSTG,RGSDE,RGSUSR,UPDDE,UPDUSR)
VALUES ('F1102','GM','HDCR','F1-2','F1-10-2','*','*','F1','10','2',now(),'admin',now(),'admin');
INSERT INTO SD_LOC (LOC,DC,BIZ,ZONE,LOCNM,WHDG,WHFL,LOCROW,LOCCOL,LOCSTG,RGSDE,RGSUSR,UPDDE,UPDUSR)
VALUES ('F1112','GM','HDCR','F1-2','F1-11-2','*','*','F1','11','2',now(),'admin',now(),'admin');
INSERT INTO SD_LOC (LOC,DC,BIZ,ZONE,LOCNM,WHDG,WHFL,LOCROW,LOCCOL,LOCSTG,RGSDE,RGSUSR,UPDDE,UPDUSR)
VALUES ('F1122','GM','HDCR','F1-2','F1-12-2','*','*','F1','12','2',now(),'admin',now(),'admin');
INSERT INTO SD_LOC (LOC,DC,BIZ,ZONE,LOCNM,WHDG,WHFL,LOCROW,LOCCOL,LOCSTG,RGSDE,RGSUSR,UPDDE,UPDUSR)
VALUES ('F1132','GM','HDCR','F1-2','F1-13-2','*','*','F1','13','2',now(),'admin',now(),'admin');
INSERT INTO SD_LOC (LOC,DC,BIZ,ZONE,LOCNM,WHDG,WHFL,LOCROW,LOCCOL,LOCSTG,RGSDE,RGSUSR,UPDDE,UPDUSR)
VALUES ('F1142','GM','HDCR','F1-2','F1-14-2','*','*','F1','14','2',now(),'admin',now(),'admin');
INSERT INTO SD_LOC (LOC,DC,BIZ,ZONE,LOCNM,WHDG,WHFL,LOCROW,LOCCOL,LOCSTG,RGSDE,RGSUSR,UPDDE,UPDUSR)
VALUES ('F1013','GM','HDCR','F1-3','F1-01-3','*','*','F1','01','3',now(),'admin',now(),'admin');
INSERT INTO SD_LOC (LOC,DC,BIZ,ZONE,LOCNM,WHDG,WHFL,LOCROW,LOCCOL,LOCSTG,RGSDE,RGSUSR,UPDDE,UPDUSR)
VALUES ('F1023','GM','HDCR','F1-3','F1-02-3','*','*','F1','02','3',now(),'admin',now(),'admin');
INSERT INTO SD_LOC (LOC,DC,BIZ,ZONE,LOCNM,WHDG,WHFL,LOCROW,LOCCOL,LOCSTG,RGSDE,RGSUSR,UPDDE,UPDUSR)
VALUES ('F1033','GM','HDCR','F1-3','F1-03-3','*','*','F1','03','3',now(),'admin',now(),'admin');
INSERT INTO SD_LOC (LOC,DC,BIZ,ZONE,LOCNM,WHDG,WHFL,LOCROW,LOCCOL,LOCSTG,RGSDE,RGSUSR,UPDDE,UPDUSR)
VALUES ('F1043','GM','HDCR','F1-3','F1-04-3','*','*','F1','04','3',now(),'admin',now(),'admin');
INSERT INTO SD_LOC (LOC,DC,BIZ,ZONE,LOCNM,WHDG,WHFL,LOCROW,LOCCOL,LOCSTG,RGSDE,RGSUSR,UPDDE,UPDUSR)
VALUES ('F1053','GM','HDCR','F1-3','F1-05-3','*','*','F1','05','3',now(),'admin',now(),'admin');
INSERT INTO SD_LOC (LOC,DC,BIZ,ZONE,LOCNM,WHDG,WHFL,LOCROW,LOCCOL,LOCSTG,RGSDE,RGSUSR,UPDDE,UPDUSR)
VALUES ('F1063','GM','HDCR','F1-3','F1-06-3','*','*','F1','06','3',now(),'admin',now(),'admin');
INSERT INTO SD_LOC (LOC,DC,BIZ,ZONE,LOCNM,WHDG,WHFL,LOCROW,LOCCOL,LOCSTG,RGSDE,RGSUSR,UPDDE,UPDUSR)
VALUES ('F1073','GM','HDCR','F1-3','F1-07-3','*','*','F1','07','3',now(),'admin',now(),'admin');
INSERT INTO SD_LOC (LOC,DC,BIZ,ZONE,LOCNM,WHDG,WHFL,LOCROW,LOCCOL,LOCSTG,RGSDE,RGSUSR,UPDDE,UPDUSR)
VALUES ('F1083','GM','HDCR','F1-3','F1-08-3','*','*','F1','08','3',now(),'admin',now(),'admin');
INSERT INTO SD_LOC (LOC,DC,BIZ,ZONE,LOCNM,WHDG,WHFL,LOCROW,LOCCOL,LOCSTG,RGSDE,RGSUSR,UPDDE,UPDUSR)
VALUES ('F1093','GM','HDCR','F1-3','F1-09-3','*','*','F1','09','3',now(),'admin',now(),'admin');
INSERT INTO SD_LOC (LOC,DC,BIZ,ZONE,LOCNM,WHDG,WHFL,LOCROW,LOCCOL,LOCSTG,RGSDE,RGSUSR,UPDDE,UPDUSR)
VALUES ('F1103','GM','HDCR','F1-3','F1-10-3','*','*','F1','10','3',now(),'admin',now(),'admin');
INSERT INTO SD_LOC (LOC,DC,BIZ,ZONE,LOCNM,WHDG,WHFL,LOCROW,LOCCOL,LOCSTG,RGSDE,RGSUSR,UPDDE,UPDUSR)
VALUES ('F1113','GM','HDCR','F1-3','F1-11-3','*','*','F1','11','3',now(),'admin',now(),'admin');
INSERT INTO SD_LOC (LOC,DC,BIZ,ZONE,LOCNM,WHDG,WHFL,LOCROW,LOCCOL,LOCSTG,RGSDE,RGSUSR,UPDDE,UPDUSR)
VALUES ('F1123','GM','HDCR','F1-3','F1-12-3','*','*','F1','12','3',now(),'admin',now(),'admin');
INSERT INTO SD_LOC (LOC,DC,BIZ,ZONE,LOCNM,WHDG,WHFL,LOCROW,LOCCOL,LOCSTG,RGSDE,RGSUSR,UPDDE,UPDUSR)
VALUES ('F1133','GM','HDCR','F1-3','F1-13-3','*','*','F1','13','3',now(),'admin',now(),'admin');
INSERT INTO SD_LOC (LOC,DC,BIZ,ZONE,LOCNM,WHDG,WHFL,LOCROW,LOCCOL,LOCSTG,RGSDE,RGSUSR,UPDDE,UPDUSR)
VALUES ('F1143','GM','HDCR','F1-3','F1-14-3','*','*','F1','14','3',now(),'admin',now(),'admin');
INSERT INTO SD_LOC (LOC,DC,BIZ,ZONE,LOCNM,WHDG,WHFL,LOCROW,LOCCOL,LOCSTG,RGSDE,RGSUSR,UPDDE,UPDUSR)
VALUES ('G1131','GM','HDCR','G1-1','G1-13-1','*','*','G1','13','1',now(),'admin',now(),'admin');
INSERT INTO SD_LOC (LOC,DC,BIZ,ZONE,LOCNM,WHDG,WHFL,LOCROW,LOCCOL,LOCSTG,RGSDE,RGSUSR,UPDDE,UPDUSR)
VALUES ('G1141','GM','HDCR','G1-1','G1-14-1','*','*','G1','14','1',now(),'admin',now(),'admin');
INSERT INTO SD_LOC (LOC,DC,BIZ,ZONE,LOCNM,WHDG,WHFL,LOCROW,LOCCOL,LOCSTG,RGSDE,RGSUSR,UPDDE,UPDUSR)
VALUES ('G1012','GM','HDCR','G1-2','G1-01-2','*','*','G1','01','2',now(),'admin',now(),'admin');
INSERT INTO SD_LOC (LOC,DC,BIZ,ZONE,LOCNM,WHDG,WHFL,LOCROW,LOCCOL,LOCSTG,RGSDE,RGSUSR,UPDDE,UPDUSR)
VALUES ('G1022','GM','HDCR','G1-2','G1-02-2','*','*','G1','02','2',now(),'admin',now(),'admin');
INSERT INTO SD_LOC (LOC,DC,BIZ,ZONE,LOCNM,WHDG,WHFL,LOCROW,LOCCOL,LOCSTG,RGSDE,RGSUSR,UPDDE,UPDUSR)
VALUES ('G1032','GM','HDCR','G1-2','G1-03-2','*','*','G1','03','2',now(),'admin',now(),'admin');
INSERT INTO SD_LOC (LOC,DC,BIZ,ZONE,LOCNM,WHDG,WHFL,LOCROW,LOCCOL,LOCSTG,RGSDE,RGSUSR,UPDDE,UPDUSR)
VALUES ('G1042','GM','HDCR','G1-2','G1-04-2','*','*','G1','04','2',now(),'admin',now(),'admin');
INSERT INTO SD_LOC (LOC,DC,BIZ,ZONE,LOCNM,WHDG,WHFL,LOCROW,LOCCOL,LOCSTG,RGSDE,RGSUSR,UPDDE,UPDUSR)
VALUES ('G1052','GM','HDCR','G1-2','G1-05-2','*','*','G1','05','2',now(),'admin',now(),'admin');
INSERT INTO SD_LOC (LOC,DC,BIZ,ZONE,LOCNM,WHDG,WHFL,LOCROW,LOCCOL,LOCSTG,RGSDE,RGSUSR,UPDDE,UPDUSR)
VALUES ('G1062','GM','HDCR','G1-2','G1-06-2','*','*','G1','06','2',now(),'admin',now(),'admin');
INSERT INTO SD_LOC (LOC,DC,BIZ,ZONE,LOCNM,WHDG,WHFL,LOCROW,LOCCOL,LOCSTG,RGSDE,RGSUSR,UPDDE,UPDUSR)
VALUES ('G1072','GM','HDCR','G1-2','G1-07-2','*','*','G1','07','2',now(),'admin',now(),'admin');
INSERT INTO SD_LOC (LOC,DC,BIZ,ZONE,LOCNM,WHDG,WHFL,LOCROW,LOCCOL,LOCSTG,RGSDE,RGSUSR,UPDDE,UPDUSR)
VALUES ('G1082','GM','HDCR','G1-2','G1-08-2','*','*','G1','08','2',now(),'admin',now(),'admin');
INSERT INTO SD_LOC (LOC,DC,BIZ,ZONE,LOCNM,WHDG,WHFL,LOCROW,LOCCOL,LOCSTG,RGSDE,RGSUSR,UPDDE,UPDUSR)
VALUES ('G1092','GM','HDCR','G1-2','G1-09-2','*','*','G1','09','2',now(),'admin',now(),'admin');
INSERT INTO SD_LOC (LOC,DC,BIZ,ZONE,LOCNM,WHDG,WHFL,LOCROW,LOCCOL,LOCSTG,RGSDE,RGSUSR,UPDDE,UPDUSR)
VALUES ('G1102','GM','HDCR','G1-2','G1-10-2','*','*','G1','10','2',now(),'admin',now(),'admin');
INSERT INTO SD_LOC (LOC,DC,BIZ,ZONE,LOCNM,WHDG,WHFL,LOCROW,LOCCOL,LOCSTG,RGSDE,RGSUSR,UPDDE,UPDUSR)
VALUES ('G1112','GM','HDCR','G1-2','G1-11-2','*','*','G1','11','2',now(),'admin',now(),'admin');
INSERT INTO SD_LOC (LOC,DC,BIZ,ZONE,LOCNM,WHDG,WHFL,LOCROW,LOCCOL,LOCSTG,RGSDE,RGSUSR,UPDDE,UPDUSR)
VALUES ('G1122','GM','HDCR','G1-2','G1-12-2','*','*','G1','12','2',now(),'admin',now(),'admin');
INSERT INTO SD_LOC (LOC,DC,BIZ,ZONE,LOCNM,WHDG,WHFL,LOCROW,LOCCOL,LOCSTG,RGSDE,RGSUSR,UPDDE,UPDUSR)
VALUES ('G1132','GM','HDCR','G1-2','G1-13-2','*','*','G1','13','2',now(),'admin',now(),'admin');
INSERT INTO SD_LOC (LOC,DC,BIZ,ZONE,LOCNM,WHDG,WHFL,LOCROW,LOCCOL,LOCSTG,RGSDE,RGSUSR,UPDDE,UPDUSR)
VALUES ('G1142','GM','HDCR','G1-2','G1-14-2','*','*','G1','14','2',now(),'admin',now(),'admin');
INSERT INTO SD_LOC (LOC,DC,BIZ,ZONE,LOCNM,WHDG,WHFL,LOCROW,LOCCOL,LOCSTG,RGSDE,RGSUSR,UPDDE,UPDUSR)
VALUES ('G1013','GM','HDCR','G1-3','G1-01-3','*','*','G1','01','3',now(),'admin',now(),'admin');
INSERT INTO SD_LOC (LOC,DC,BIZ,ZONE,LOCNM,WHDG,WHFL,LOCROW,LOCCOL,LOCSTG,RGSDE,RGSUSR,UPDDE,UPDUSR)
VALUES ('G1023','GM','HDCR','G1-3','G1-02-3','*','*','G1','02','3',now(),'admin',now(),'admin');
INSERT INTO SD_LOC (LOC,DC,BIZ,ZONE,LOCNM,WHDG,WHFL,LOCROW,LOCCOL,LOCSTG,RGSDE,RGSUSR,UPDDE,UPDUSR)
VALUES ('G1033','GM','HDCR','G1-3','G1-03-3','*','*','G1','03','3',now(),'admin',now(),'admin');
INSERT INTO SD_LOC (LOC,DC,BIZ,ZONE,LOCNM,WHDG,WHFL,LOCROW,LOCCOL,LOCSTG,RGSDE,RGSUSR,UPDDE,UPDUSR)
VALUES ('G1043','GM','HDCR','G1-3','G1-04-3','*','*','G1','04','3',now(),'admin',now(),'admin');
INSERT INTO SD_LOC (LOC,DC,BIZ,ZONE,LOCNM,WHDG,WHFL,LOCROW,LOCCOL,LOCSTG,RGSDE,RGSUSR,UPDDE,UPDUSR)
VALUES ('G1053','GM','HDCR','G1-3','G1-05-3','*','*','G1','05','3',now(),'admin',now(),'admin');
INSERT INTO SD_LOC (LOC,DC,BIZ,ZONE,LOCNM,WHDG,WHFL,LOCROW,LOCCOL,LOCSTG,RGSDE,RGSUSR,UPDDE,UPDUSR)
VALUES ('G1063','GM','HDCR','G1-3','G1-06-3','*','*','G1','06','3',now(),'admin',now(),'admin');
INSERT INTO SD_LOC (LOC,DC,BIZ,ZONE,LOCNM,WHDG,WHFL,LOCROW,LOCCOL,LOCSTG,RGSDE,RGSUSR,UPDDE,UPDUSR)
VALUES ('G1073','GM','HDCR','G1-3','G1-07-3','*','*','G1','07','3',now(),'admin',now(),'admin');
INSERT INTO SD_LOC (LOC,DC,BIZ,ZONE,LOCNM,WHDG,WHFL,LOCROW,LOCCOL,LOCSTG,RGSDE,RGSUSR,UPDDE,UPDUSR)
VALUES ('G1083','GM','HDCR','G1-3','G1-08-3','*','*','G1','08','3',now(),'admin',now(),'admin');
INSERT INTO SD_LOC (LOC,DC,BIZ,ZONE,LOCNM,WHDG,WHFL,LOCROW,LOCCOL,LOCSTG,RGSDE,RGSUSR,UPDDE,UPDUSR)
VALUES ('G1093','GM','HDCR','G1-3','G1-09-3','*','*','G1','09','3',now(),'admin',now(),'admin');
INSERT INTO SD_LOC (LOC,DC,BIZ,ZONE,LOCNM,WHDG,WHFL,LOCROW,LOCCOL,LOCSTG,RGSDE,RGSUSR,UPDDE,UPDUSR)
VALUES ('G1103','GM','HDCR','G1-3','G1-10-3','*','*','G1','10','3',now(),'admin',now(),'admin');
INSERT INTO SD_LOC (LOC,DC,BIZ,ZONE,LOCNM,WHDG,WHFL,LOCROW,LOCCOL,LOCSTG,RGSDE,RGSUSR,UPDDE,UPDUSR)
VALUES ('G1113','GM','HDCR','G1-3','G1-11-3','*','*','G1','11','3',now(),'admin',now(),'admin');
INSERT INTO SD_LOC (LOC,DC,BIZ,ZONE,LOCNM,WHDG,WHFL,LOCROW,LOCCOL,LOCSTG,RGSDE,RGSUSR,UPDDE,UPDUSR)
VALUES ('G1123','GM','HDCR','G1-3','G1-12-3','*','*','G1','12','3',now(),'admin',now(),'admin');
INSERT INTO SD_LOC (LOC,DC,BIZ,ZONE,LOCNM,WHDG,WHFL,LOCROW,LOCCOL,LOCSTG,RGSDE,RGSUSR,UPDDE,UPDUSR)
VALUES ('G1133','GM','HDCR','G1-3','G1-13-3','*','*','G1','13','3',now(),'admin',now(),'admin');
INSERT INTO SD_LOC (LOC,DC,BIZ,ZONE,LOCNM,WHDG,WHFL,LOCROW,LOCCOL,LOCSTG,RGSDE,RGSUSR,UPDDE,UPDUSR)
VALUES ('G1143','GM','HDCR','G1-3','G1-14-3','*','*','G1','14','3',now(),'admin',now(),'admin');
INSERT INTO SD_LOC (LOC,DC,BIZ,ZONE,LOCNM,WHDG,WHFL,LOCROW,LOCCOL,LOCSTG,RGSDE,RGSUSR,UPDDE,UPDUSR)
VALUES ('F1011','GM','HDCR','F1-1','F1-01-1','*','*','F1','01','1',now(),'admin',now(),'admin');
INSERT INTO SD_LOC (LOC,DC,BIZ,ZONE,LOCNM,WHDG,WHFL,LOCROW,LOCCOL,LOCSTG,RGSDE,RGSUSR,UPDDE,UPDUSR)
VALUES ('F1021','GM','HDCR','F1-1','F1-02-1','*','*','F1','02','1',now(),'admin',now(),'admin');
INSERT INTO SD_LOC (LOC,DC,BIZ,ZONE,LOCNM,WHDG,WHFL,LOCROW,LOCCOL,LOCSTG,RGSDE,RGSUSR,UPDDE,UPDUSR)
VALUES ('F1031','GM','HDCR','F1-1','F1-03-1','*','*','F1','03','1',now(),'admin',now(),'admin');
INSERT INTO SD_LOC (LOC,DC,BIZ,ZONE,LOCNM,WHDG,WHFL,LOCROW,LOCCOL,LOCSTG,RGSDE,RGSUSR,UPDDE,UPDUSR)
VALUES ('F1041','GM','HDCR','F1-1','F1-04-1','*','*','F1','04','1',now(),'admin',now(),'admin');
INSERT INTO SD_LOC (LOC,DC,BIZ,ZONE,LOCNM,WHDG,WHFL,LOCROW,LOCCOL,LOCSTG,RGSDE,RGSUSR,UPDDE,UPDUSR)
VALUES ('F1051','GM','HDCR','F1-1','F1-05-1','*','*','F1','05','1',now(),'admin',now(),'admin');
INSERT INTO SD_LOC (LOC,DC,BIZ,ZONE,LOCNM,WHDG,WHFL,LOCROW,LOCCOL,LOCSTG,RGSDE,RGSUSR,UPDDE,UPDUSR)
VALUES ('F1061','GM','HDCR','F1-1','F1-06-1','*','*','F1','06','1',now(),'admin',now(),'admin');
INSERT INTO SD_LOC (LOC,DC,BIZ,ZONE,LOCNM,WHDG,WHFL,LOCROW,LOCCOL,LOCSTG,RGSDE,RGSUSR,UPDDE,UPDUSR)
VALUES ('F1071','GM','HDCR','F1-1','F1-07-1','*','*','F1','07','1',now(),'admin',now(),'admin');
INSERT INTO SD_LOC (LOC,DC,BIZ,ZONE,LOCNM,WHDG,WHFL,LOCROW,LOCCOL,LOCSTG,RGSDE,RGSUSR,UPDDE,UPDUSR)
VALUES ('F1081','GM','HDCR','F1-1','F1-08-1','*','*','F1','08','1',now(),'admin',now(),'admin');
INSERT INTO SD_LOC (LOC,DC,BIZ,ZONE,LOCNM,WHDG,WHFL,LOCROW,LOCCOL,LOCSTG,RGSDE,RGSUSR,UPDDE,UPDUSR)
VALUES ('F1091','GM','HDCR','F1-1','F1-09-1','*','*','F1','09','1',now(),'admin',now(),'admin');
INSERT INTO SD_LOC (LOC,DC,BIZ,ZONE,LOCNM,WHDG,WHFL,LOCROW,LOCCOL,LOCSTG,RGSDE,RGSUSR,UPDDE,UPDUSR)
VALUES ('F1101','GM','HDCR','F1-1','F1-10-1','*','*','F1','10','1',now(),'admin',now(),'admin');
INSERT INTO SD_LOC (LOC,DC,BIZ,ZONE,LOCNM,WHDG,WHFL,LOCROW,LOCCOL,LOCSTG,RGSDE,RGSUSR,UPDDE,UPDUSR)
VALUES ('F1111','GM','HDCR','F1-1','F1-11-1','*','*','F1','11','1',now(),'admin',now(),'admin');
INSERT INTO SD_LOC (LOC,DC,BIZ,ZONE,LOCNM,WHDG,WHFL,LOCROW,LOCCOL,LOCSTG,RGSDE,RGSUSR,UPDDE,UPDUSR)
VALUES ('F1121','GM','HDCR','F1-1','F1-12-1','*','*','F1','12','1',now(),'admin',now(),'admin');
INSERT INTO SD_LOC (LOC,DC,BIZ,ZONE,LOCNM,WHDG,WHFL,LOCROW,LOCCOL,LOCSTG,RGSDE,RGSUSR,UPDDE,UPDUSR)
VALUES ('F2011','GM','HDCR','F2-1','F2-01-1','*','*','F2','01','1',now(),'admin',now(),'admin');
INSERT INTO SD_LOC (LOC,DC,BIZ,ZONE,LOCNM,WHDG,WHFL,LOCROW,LOCCOL,LOCSTG,RGSDE,RGSUSR,UPDDE,UPDUSR)
VALUES ('F2021','GM','HDCR','F2-1','F2-02-1','*','*','F2','02','1',now(),'admin',now(),'admin');
INSERT INTO SD_LOC (LOC,DC,BIZ,ZONE,LOCNM,WHDG,WHFL,LOCROW,LOCCOL,LOCSTG,RGSDE,RGSUSR,UPDDE,UPDUSR)
VALUES ('F2031','GM','HDCR','F2-1','F2-03-1','*','*','F2','03','1',now(),'admin',now(),'admin');
INSERT INTO SD_LOC (LOC,DC,BIZ,ZONE,LOCNM,WHDG,WHFL,LOCROW,LOCCOL,LOCSTG,RGSDE,RGSUSR,UPDDE,UPDUSR)
VALUES ('F2041','GM','HDCR','F2-1','F2-04-1','*','*','F2','04','1',now(),'admin',now(),'admin');
INSERT INTO SD_LOC (LOC,DC,BIZ,ZONE,LOCNM,WHDG,WHFL,LOCROW,LOCCOL,LOCSTG,RGSDE,RGSUSR,UPDDE,UPDUSR)
VALUES ('F2051','GM','HDCR','F2-1','F2-05-1','*','*','F2','05','1',now(),'admin',now(),'admin');
INSERT INTO SD_LOC (LOC,DC,BIZ,ZONE,LOCNM,WHDG,WHFL,LOCROW,LOCCOL,LOCSTG,RGSDE,RGSUSR,UPDDE,UPDUSR)
VALUES ('F2061','GM','HDCR','F2-1','F2-06-1','*','*','F2','06','1',now(),'admin',now(),'admin');
INSERT INTO SD_LOC (LOC,DC,BIZ,ZONE,LOCNM,WHDG,WHFL,LOCROW,LOCCOL,LOCSTG,RGSDE,RGSUSR,UPDDE,UPDUSR)
VALUES ('F2071','GM','HDCR','F2-1','F2-07-1','*','*','F2','07','1',now(),'admin',now(),'admin');
INSERT INTO SD_LOC (LOC,DC,BIZ,ZONE,LOCNM,WHDG,WHFL,LOCROW,LOCCOL,LOCSTG,RGSDE,RGSUSR,UPDDE,UPDUSR)
VALUES ('F2081','GM','HDCR','F2-1','F2-08-1','*','*','F2','08','1',now(),'admin',now(),'admin');
INSERT INTO SD_LOC (LOC,DC,BIZ,ZONE,LOCNM,WHDG,WHFL,LOCROW,LOCCOL,LOCSTG,RGSDE,RGSUSR,UPDDE,UPDUSR)
VALUES ('F2091','GM','HDCR','F2-1','F2-09-1','*','*','F2','09','1',now(),'admin',now(),'admin');
INSERT INTO SD_LOC (LOC,DC,BIZ,ZONE,LOCNM,WHDG,WHFL,LOCROW,LOCCOL,LOCSTG,RGSDE,RGSUSR,UPDDE,UPDUSR)
VALUES ('F2101','GM','HDCR','F2-1','F2-10-1','*','*','F2','10','1',now(),'admin',now(),'admin');
INSERT INTO SD_LOC (LOC,DC,BIZ,ZONE,LOCNM,WHDG,WHFL,LOCROW,LOCCOL,LOCSTG,RGSDE,RGSUSR,UPDDE,UPDUSR)
VALUES ('F2111','GM','HDCR','F2-1','F2-11-1','*','*','F2','11','1',now(),'admin',now(),'admin');
INSERT INTO SD_LOC (LOC,DC,BIZ,ZONE,LOCNM,WHDG,WHFL,LOCROW,LOCCOL,LOCSTG,RGSDE,RGSUSR,UPDDE,UPDUSR)
VALUES ('F2121','GM','HDCR','F2-1','F2-12-1','*','*','F2','12','1',now(),'admin',now(),'admin');
INSERT INTO SD_LOC (LOC,DC,BIZ,ZONE,LOCNM,WHDG,WHFL,LOCROW,LOCCOL,LOCSTG,RGSDE,RGSUSR,UPDDE,UPDUSR)
VALUES ('F2131','GM','HDCR','F2-1','F2-13-1','*','*','F2','13','1',now(),'admin',now(),'admin');
INSERT INTO SD_LOC (LOC,DC,BIZ,ZONE,LOCNM,WHDG,WHFL,LOCROW,LOCCOL,LOCSTG,RGSDE,RGSUSR,UPDDE,UPDUSR)
VALUES ('F2141','GM','HDCR','F2-1','F2-14-1','*','*','F2','14','1',now(),'admin',now(),'admin');
INSERT INTO SD_LOC (LOC,DC,BIZ,ZONE,LOCNM,WHDG,WHFL,LOCROW,LOCCOL,LOCSTG,RGSDE,RGSUSR,UPDDE,UPDUSR)
VALUES ('F2151','GM','HDCR','F2-1','F2-15-1','*','*','F2','15','1',now(),'admin',now(),'admin');
INSERT INTO SD_LOC (LOC,DC,BIZ,ZONE,LOCNM,WHDG,WHFL,LOCROW,LOCCOL,LOCSTG,RGSDE,RGSUSR,UPDDE,UPDUSR)
VALUES ('F2161','GM','HDCR','F2-1','F2-16-1','*','*','F2','16','1',now(),'admin',now(),'admin');
INSERT INTO SD_LOC (LOC,DC,BIZ,ZONE,LOCNM,WHDG,WHFL,LOCROW,LOCCOL,LOCSTG,RGSDE,RGSUSR,UPDDE,UPDUSR)
VALUES ('G1011','GM','HDCR','G1-1','G1-01-1','*','*','G1','01','1',now(),'admin',now(),'admin');
INSERT INTO SD_LOC (LOC,DC,BIZ,ZONE,LOCNM,WHDG,WHFL,LOCROW,LOCCOL,LOCSTG,RGSDE,RGSUSR,UPDDE,UPDUSR)
VALUES ('G1021','GM','HDCR','G1-1','G1-02-1','*','*','G1','02','1',now(),'admin',now(),'admin');
INSERT INTO SD_LOC (LOC,DC,BIZ,ZONE,LOCNM,WHDG,WHFL,LOCROW,LOCCOL,LOCSTG,RGSDE,RGSUSR,UPDDE,UPDUSR)
VALUES ('G1031','GM','HDCR','G1-1','G1-03-1','*','*','G1','03','1',now(),'admin',now(),'admin');
INSERT INTO SD_LOC (LOC,DC,BIZ,ZONE,LOCNM,WHDG,WHFL,LOCROW,LOCCOL,LOCSTG,RGSDE,RGSUSR,UPDDE,UPDUSR)
VALUES ('G1041','GM','HDCR','G1-1','G1-04-1','*','*','G1','04','1',now(),'admin',now(),'admin');
INSERT INTO SD_LOC (LOC,DC,BIZ,ZONE,LOCNM,WHDG,WHFL,LOCROW,LOCCOL,LOCSTG,RGSDE,RGSUSR,UPDDE,UPDUSR)
VALUES ('G1051','GM','HDCR','G1-1','G1-05-1','*','*','G1','05','1',now(),'admin',now(),'admin');
INSERT INTO SD_LOC (LOC,DC,BIZ,ZONE,LOCNM,WHDG,WHFL,LOCROW,LOCCOL,LOCSTG,RGSDE,RGSUSR,UPDDE,UPDUSR)
VALUES ('G1061','GM','HDCR','G1-1','G1-06-1','*','*','G1','06','1',now(),'admin',now(),'admin');
INSERT INTO SD_LOC (LOC,DC,BIZ,ZONE,LOCNM,WHDG,WHFL,LOCROW,LOCCOL,LOCSTG,RGSDE,RGSUSR,UPDDE,UPDUSR)
VALUES ('G1071','GM','HDCR','G1-1','G1-07-1','*','*','G1','07','1',now(),'admin',now(),'admin');
INSERT INTO SD_LOC (LOC,DC,BIZ,ZONE,LOCNM,WHDG,WHFL,LOCROW,LOCCOL,LOCSTG,RGSDE,RGSUSR,UPDDE,UPDUSR)
VALUES ('G1081','GM','HDCR','G1-1','G1-08-1','*','*','G1','08','1',now(),'admin',now(),'admin');
INSERT INTO SD_LOC (LOC,DC,BIZ,ZONE,LOCNM,WHDG,WHFL,LOCROW,LOCCOL,LOCSTG,RGSDE,RGSUSR,UPDDE,UPDUSR)
VALUES ('G1091','GM','HDCR','G1-1','G1-09-1','*','*','G1','09','1',now(),'admin',now(),'admin');
INSERT INTO SD_LOC (LOC,DC,BIZ,ZONE,LOCNM,WHDG,WHFL,LOCROW,LOCCOL,LOCSTG,RGSDE,RGSUSR,UPDDE,UPDUSR)
VALUES ('G1101','GM','HDCR','G1-1','G1-10-1','*','*','G1','10','1',now(),'admin',now(),'admin');
INSERT INTO SD_LOC (LOC,DC,BIZ,ZONE,LOCNM,WHDG,WHFL,LOCROW,LOCCOL,LOCSTG,RGSDE,RGSUSR,UPDDE,UPDUSR)
VALUES ('G1111','GM','HDCR','G1-1','G1-11-1','*','*','G1','11','1',now(),'admin',now(),'admin');
INSERT INTO SD_LOC (LOC,DC,BIZ,ZONE,LOCNM,WHDG,WHFL,LOCROW,LOCCOL,LOCSTG,RGSDE,RGSUSR,UPDDE,UPDUSR)
VALUES ('G1121','GM','HDCR','G1-1','G1-12-1','*','*','G1','12','1',now(),'admin',now(),'admin');
INSERT INTO SD_LOC (LOC,DC,BIZ,ZONE,LOCNM,WHDG,WHFL,LOCROW,LOCCOL,LOCSTG,RGSDE,RGSUSR,UPDDE,UPDUSR)
VALUES ('G2011','GM','HDCR','G2-1','G2-01-1','*','*','G2','01','1',now(),'admin',now(),'admin');
INSERT INTO SD_LOC (LOC,DC,BIZ,ZONE,LOCNM,WHDG,WHFL,LOCROW,LOCCOL,LOCSTG,RGSDE,RGSUSR,UPDDE,UPDUSR)
VALUES ('G2021','GM','HDCR','G2-1','G2-02-1','*','*','G2','02','1',now(),'admin',now(),'admin');
INSERT INTO SD_LOC (LOC,DC,BIZ,ZONE,LOCNM,WHDG,WHFL,LOCROW,LOCCOL,LOCSTG,RGSDE,RGSUSR,UPDDE,UPDUSR)
VALUES ('G2031','GM','HDCR','G2-1','G2-03-1','*','*','G2','03','1',now(),'admin',now(),'admin');
INSERT INTO SD_LOC (LOC,DC,BIZ,ZONE,LOCNM,WHDG,WHFL,LOCROW,LOCCOL,LOCSTG,RGSDE,RGSUSR,UPDDE,UPDUSR)
VALUES ('G2041','GM','HDCR','G2-1','G2-04-1','*','*','G2','04','1',now(),'admin',now(),'admin');
INSERT INTO SD_LOC (LOC,DC,BIZ,ZONE,LOCNM,WHDG,WHFL,LOCROW,LOCCOL,LOCSTG,RGSDE,RGSUSR,UPDDE,UPDUSR)
VALUES ('G2051','GM','HDCR','G2-1','G2-05-1','*','*','G2','05','1',now(),'admin',now(),'admin');
INSERT INTO SD_LOC (LOC,DC,BIZ,ZONE,LOCNM,WHDG,WHFL,LOCROW,LOCCOL,LOCSTG,RGSDE,RGSUSR,UPDDE,UPDUSR)
VALUES ('G2061','GM','HDCR','G2-1','G2-06-1','*','*','G2','06','1',now(),'admin',now(),'admin');
INSERT INTO SD_LOC (LOC,DC,BIZ,ZONE,LOCNM,WHDG,WHFL,LOCROW,LOCCOL,LOCSTG,RGSDE,RGSUSR,UPDDE,UPDUSR)
VALUES ('G2071','GM','HDCR','G2-1','G2-07-1','*','*','G2','07','1',now(),'admin',now(),'admin');
INSERT INTO SD_LOC (LOC,DC,BIZ,ZONE,LOCNM,WHDG,WHFL,LOCROW,LOCCOL,LOCSTG,RGSDE,RGSUSR,UPDDE,UPDUSR)
VALUES ('G2081','GM','HDCR','G2-1','G2-08-1','*','*','G2','08','1',now(),'admin',now(),'admin');
INSERT INTO SD_LOC (LOC,DC,BIZ,ZONE,LOCNM,WHDG,WHFL,LOCROW,LOCCOL,LOCSTG,RGSDE,RGSUSR,UPDDE,UPDUSR)
VALUES ('G2091','GM','HDCR','G2-1','G2-09-1','*','*','G2','09','1',now(),'admin',now(),'admin');
INSERT INTO SD_LOC (LOC,DC,BIZ,ZONE,LOCNM,WHDG,WHFL,LOCROW,LOCCOL,LOCSTG,RGSDE,RGSUSR,UPDDE,UPDUSR)
VALUES ('G2101','GM','HDCR','G2-1','G2-10-1','*','*','G2','10','1',now(),'admin',now(),'admin');
INSERT INTO SD_LOC (LOC,DC,BIZ,ZONE,LOCNM,WHDG,WHFL,LOCROW,LOCCOL,LOCSTG,RGSDE,RGSUSR,UPDDE,UPDUSR)
VALUES ('G2111','GM','HDCR','G2-1','G2-11-1','*','*','G2','11','1',now(),'admin',now(),'admin');
INSERT INTO SD_LOC (LOC,DC,BIZ,ZONE,LOCNM,WHDG,WHFL,LOCROW,LOCCOL,LOCSTG,RGSDE,RGSUSR,UPDDE,UPDUSR)
VALUES ('G2121','GM','HDCR','G2-1','G2-12-1','*','*','G2','12','1',now(),'admin',now(),'admin');
INSERT INTO SD_LOC (LOC,DC,BIZ,ZONE,LOCNM,WHDG,WHFL,LOCROW,LOCCOL,LOCSTG,RGSDE,RGSUSR,UPDDE,UPDUSR)
VALUES ('G2131','GM','HDCR','G2-1','G2-13-1','*','*','G2','13','1',now(),'admin',now(),'admin');
INSERT INTO SD_LOC (LOC,DC,BIZ,ZONE,LOCNM,WHDG,WHFL,LOCROW,LOCCOL,LOCSTG,RGSDE,RGSUSR,UPDDE,UPDUSR)
VALUES ('G2141','GM','HDCR','G2-1','G2-14-1','*','*','G2','14','1',now(),'admin',now(),'admin');
INSERT INTO SD_LOC (LOC,DC,BIZ,ZONE,LOCNM,WHDG,WHFL,LOCROW,LOCCOL,LOCSTG,RGSDE,RGSUSR,UPDDE,UPDUSR)
VALUES ('G2151','GM','HDCR','G2-1','G2-15-1','*','*','G2','15','1',now(),'admin',now(),'admin');
INSERT INTO SD_LOC (LOC,DC,BIZ,ZONE,LOCNM,WHDG,WHFL,LOCROW,LOCCOL,LOCSTG,RGSDE,RGSUSR,UPDDE,UPDUSR)
VALUES ('G2161','GM','HDCR','G2-1','G2-16-1','*','*','G2','16','1',now(),'admin',now(),'admin');
