-- OD_ODERHD ==================================================================================================================
INSERT INTO OD_ODERHD (ODERNO,DC,BIZ,CLIENT,DEALDE,PLANDE,ODERDE,ODERTP,ODERTY,SOCUST,SOCUSTTP,STAT,RGSDE,RGSUSR,UPDDE,UPDUSR)
VALUES ('2018060500012','GM','HDCR','HDCR','20180605','20180605','20180605','O21','None','30021','None','50',now(),'admin',now(),'admin');
INSERT INTO OD_ODERHD (ODERNO,DC,BIZ,CLIENT,DEALDE,PLANDE,ODERDE,ODERTP,ODERTY,SOCUST,SOCUSTTP,STAT,RGSDE,RGSUSR,UPDDE,UPDUSR)
VALUES ('2018060500013','GM','HDCR','HDCR','20180605','20180605','20180605','O21','None','30024','None','50',now(),'admin',now(),'admin');
INSERT INTO OD_ODERHD (ODERNO,DC,BIZ,CLIENT,DEALDE,PLANDE,ODERDE,ODERTP,ODERTY,SOCUST,SOCUSTTP,STAT,RGSDE,RGSUSR,UPDDE,UPDUSR)
VALUES ('2018060500014','GM','HDCR','HDCR','20180605','20180605','20180605','O91','None','30160','None','50',now(),'admin',now(),'admin');
INSERT INTO OD_ODERHD (ODERNO,DC,BIZ,CLIENT,DEALDE,PLANDE,ODERDE,ODERTP,ODERTY,SOCUST,SOCUSTTP,STAT,RGSDE,RGSUSR,UPDDE,UPDUSR)
VALUES ('2018060500007','GM','HDCR','HDCR','20180605','20180605','20180605','O21','None','40010','None','50',now(),'admin',now(),'admin');

-- OD_ODERDT ==================================================================================================================
INSERT INTO OD_ODERDT (ODERNO,ODERSN,DC,BIZ,CLIENT,SKU,PLANQTY,ADJSQTY,PICKQTY,ODERQTY,WT,UNTPC,AMT,TAXTP,VAT,STAT,RGSDE,RGSUSR,UPDDE,UPDUSR)
VALUES ('2018060500012',1,'GM','HDCR','HDCR','GDSI00080258',120000,120000,120000,120000,0,0,0,'None',0,'50',now(),'admin',now(),'admin');
INSERT INTO OD_ODERDT (ODERNO,ODERSN,DC,BIZ,CLIENT,SKU,PLANQTY,ADJSQTY,PICKQTY,ODERQTY,WT,UNTPC,AMT,TAXTP,VAT,STAT,RGSDE,RGSUSR,UPDDE,UPDUSR)
VALUES ('2018060500013',1,'GM','HDCR','HDCR','GDSI00080260',10000,10000,10000,10000,0,0,0,'None',0,'50',now(),'admin',now(),'admin');
INSERT INTO OD_ODERDT (ODERNO,ODERSN,DC,BIZ,CLIENT,SKU,PLANQTY,ADJSQTY,PICKQTY,ODERQTY,WT,UNTPC,AMT,TAXTP,VAT,STAT,RGSDE,RGSUSR,UPDDE,UPDUSR)
VALUES ('2018060500007',1,'GM','HDCR','HDCR','GDSI00080262',40000,40000,40000,40000,0,0,0,'None',0,'50',now(),'admin',now(),'admin');
INSERT INTO OD_ODERDT (ODERNO,ODERSN,DC,BIZ,CLIENT,SKU,PLANQTY,ADJSQTY,PICKQTY,ODERQTY,WT,UNTPC,AMT,TAXTP,VAT,STAT,RGSDE,RGSUSR,UPDDE,UPDUSR)
VALUES ('2018060500014',1,'GM','HDCR','HDCR','GDSI00080270',28800,28800,28800,28800,0,0,0,'1',0,'50',now(),'admin',now(),'admin');

-- OD_ODERASGN ==================================================================================================================
INSERT INTO OD_ODERASGN (ODERNO,ODERSN,ASGNNO,DC,BIZ,CLIENT,SKU,FRLOC,FRLOT,FRPLTID,FRCASEID,FREAID,TOLOC,TOLOT,TOPLTID,TOCASEID,TOEAID,PICKQTY,ODERQTY,WT,STAT,RGSDE,RGSUSR,UPDDE,UPDUSR)
VALUES ('2018060500012',1,'00055','GM','HDCR','HDCR','GDSI00080258','Y1011','1201805180000050','12018051800069','*','*','Y1011','1201805180000050','12018051800069','*','*',5760,5760,0,'50',now(),'admin',now(),'admin');
INSERT INTO OD_ODERASGN (ODERNO,ODERSN,ASGNNO,DC,BIZ,CLIENT,SKU,FRLOC,FRLOT,FRPLTID,FRCASEID,FREAID,TOLOC,TOLOT,TOPLTID,TOCASEID,TOEAID,PICKQTY,ODERQTY,WT,STAT,RGSDE,RGSUSR,UPDDE,UPDUSR)
VALUES ('2018060500012',1,'00056','GM','HDCR','HDCR','GDSI00080258','Y1011','1201805230000050','12018052300009','*','*','Y1011','1201805230000050','12018052300009','*','*',5760,5760,0,'50',now(),'admin',now(),'admin');
INSERT INTO OD_ODERASGN (ODERNO,ODERSN,ASGNNO,DC,BIZ,CLIENT,SKU,FRLOC,FRLOT,FRPLTID,FRCASEID,FREAID,TOLOC,TOLOT,TOPLTID,TOCASEID,TOEAID,PICKQTY,ODERQTY,WT,STAT,RGSDE,RGSUSR,UPDDE,UPDUSR)
VALUES ('2018060500012',1,'00057','GM','HDCR','HDCR','GDSI00080258','Y1011','1201805230000050','12018052300010','*','*','Y1011','1201805230000050','12018052300010','*','*',5760,5760,0,'50',now(),'admin',now(),'admin');
INSERT INTO OD_ODERASGN (ODERNO,ODERSN,ASGNNO,DC,BIZ,CLIENT,SKU,FRLOC,FRLOT,FRPLTID,FRCASEID,FREAID,TOLOC,TOLOT,TOPLTID,TOCASEID,TOEAID,PICKQTY,ODERQTY,WT,STAT,RGSDE,RGSUSR,UPDDE,UPDUSR)
VALUES ('2018060500012',1,'00058','GM','HDCR','HDCR','GDSI00080258','Y1011','1201805230000050','12018052300011','*','*','Y1011','1201805230000050','12018052300011','*','*',5760,5760,0,'50',now(),'admin',now(),'admin');
INSERT INTO OD_ODERASGN (ODERNO,ODERSN,ASGNNO,DC,BIZ,CLIENT,SKU,FRLOC,FRLOT,FRPLTID,FRCASEID,FREAID,TOLOC,TOLOT,TOPLTID,TOCASEID,TOEAID,PICKQTY,ODERQTY,WT,STAT,RGSDE,RGSUSR,UPDDE,UPDUSR)
VALUES ('2018060500012',1,'00059','GM','HDCR','HDCR','GDSI00080258','Y1011','1201805230000050','12018052300014','*','*','Y1011','1201805230000050','12018052300014','*','*',5760,5760,0,'50',now(),'admin',now(),'admin');
INSERT INTO OD_ODERASGN (ODERNO,ODERSN,ASGNNO,DC,BIZ,CLIENT,SKU,FRLOC,FRLOT,FRPLTID,FRCASEID,FREAID,TOLOC,TOLOT,TOPLTID,TOCASEID,TOEAID,PICKQTY,ODERQTY,WT,STAT,RGSDE,RGSUSR,UPDDE,UPDUSR)
VALUES ('2018060500012',1,'00060','GM','HDCR','HDCR','GDSI00080258','Y1011','1201805230000050','12018052300021','*','*','Y1011','1201805230000050','12018052300021','*','*',960,960,0,'50',now(),'admin',now(),'admin');
INSERT INTO OD_ODERASGN (ODERNO,ODERSN,ASGNNO,DC,BIZ,CLIENT,SKU,FRLOC,FRLOT,FRPLTID,FRCASEID,FREAID,TOLOC,TOLOT,TOPLTID,TOCASEID,TOEAID,PICKQTY,ODERQTY,WT,STAT,RGSDE,RGSUSR,UPDDE,UPDUSR)
VALUES ('2018060500012',1,'00061','GM','HDCR','HDCR','GDSI00080258','Y1011','1201805160000370','12018051600064','*','*','Y1011','1201805160000370','12018051600064','*','*',5760,5760,0,'50',now(),'admin',now(),'admin');
INSERT INTO OD_ODERASGN (ODERNO,ODERSN,ASGNNO,DC,BIZ,CLIENT,SKU,FRLOC,FRLOT,FRPLTID,FRCASEID,FREAID,TOLOC,TOLOT,TOPLTID,TOCASEID,TOEAID,PICKQTY,ODERQTY,WT,STAT,RGSDE,RGSUSR,UPDDE,UPDUSR)
VALUES ('2018060500012',1,'00062','GM','HDCR','HDCR','GDSI00080258','Y1011','1201805160000370','12018051600067','*','*','Y1011','1201805160000370','12018051600067','*','*',5760,5760,0,'50',now(),'admin',now(),'admin');
INSERT INTO OD_ODERASGN (ODERNO,ODERSN,ASGNNO,DC,BIZ,CLIENT,SKU,FRLOC,FRLOT,FRPLTID,FRCASEID,FREAID,TOLOC,TOLOT,TOPLTID,TOCASEID,TOEAID,PICKQTY,ODERQTY,WT,STAT,RGSDE,RGSUSR,UPDDE,UPDUSR)
VALUES ('2018060500012',1,'00063','GM','HDCR','HDCR','GDSI00080258','Y1011','1201805170000330','12018051700080','*','*','Y1011','1201805170000330','12018051700080','*','*',5760,5760,0,'50',now(),'admin',now(),'admin');
INSERT INTO OD_ODERASGN (ODERNO,ODERSN,ASGNNO,DC,BIZ,CLIENT,SKU,FRLOC,FRLOT,FRPLTID,FRCASEID,FREAID,TOLOC,TOLOT,TOPLTID,TOCASEID,TOEAID,PICKQTY,ODERQTY,WT,STAT,RGSDE,RGSUSR,UPDDE,UPDUSR)
VALUES ('2018060500012',1,'00064','GM','HDCR','HDCR','GDSI00080258','Y1011','1201805170000330','12018051700081','*','*','Y1011','1201805170000330','12018051700081','*','*',5760,5760,0,'50',now(),'admin',now(),'admin');
INSERT INTO OD_ODERASGN (ODERNO,ODERSN,ASGNNO,DC,BIZ,CLIENT,SKU,FRLOC,FRLOT,FRPLTID,FRCASEID,FREAID,TOLOC,TOLOT,TOPLTID,TOCASEID,TOEAID,PICKQTY,ODERQTY,WT,STAT,RGSDE,RGSUSR,UPDDE,UPDUSR)
VALUES ('2018060500012',1,'00065','GM','HDCR','HDCR','GDSI00080258','Y1011','1201805180000050','12018051800008','*','*','Y1011','1201805180000050','12018051800008','*','*',5760,5760,0,'50',now(),'admin',now(),'admin');
INSERT INTO OD_ODERASGN (ODERNO,ODERSN,ASGNNO,DC,BIZ,CLIENT,SKU,FRLOC,FRLOT,FRPLTID,FRCASEID,FREAID,TOLOC,TOLOT,TOPLTID,TOCASEID,TOEAID,PICKQTY,ODERQTY,WT,STAT,RGSDE,RGSUSR,UPDDE,UPDUSR)
VALUES ('2018060500012',1,'00066','GM','HDCR','HDCR','GDSI00080258','Y1011','1201805230000050','12018052300012','*','*','Y1011','1201805230000050','12018052300012','*','*',5760,5760,0,'50',now(),'admin',now(),'admin');
INSERT INTO OD_ODERASGN (ODERNO,ODERSN,ASGNNO,DC,BIZ,CLIENT,SKU,FRLOC,FRLOT,FRPLTID,FRCASEID,FREAID,TOLOC,TOLOT,TOPLTID,TOCASEID,TOEAID,PICKQTY,ODERQTY,WT,STAT,RGSDE,RGSUSR,UPDDE,UPDUSR)
VALUES ('2018060500012',1,'00067','GM','HDCR','HDCR','GDSI00080258','Y1011','1201805230000050','12018052300013','*','*','Y1011','1201805230000050','12018052300013','*','*',5760,5760,0,'50',now(),'admin',now(),'admin');
INSERT INTO OD_ODERASGN (ODERNO,ODERSN,ASGNNO,DC,BIZ,CLIENT,SKU,FRLOC,FRLOT,FRPLTID,FRCASEID,FREAID,TOLOC,TOLOT,TOPLTID,TOCASEID,TOEAID,PICKQTY,ODERQTY,WT,STAT,RGSDE,RGSUSR,UPDDE,UPDUSR)
VALUES ('2018060500012',1,'00068','GM','HDCR','HDCR','GDSI00080258','Y1011','1201805230000050','12018052300021','*','*','Y1011','1201805230000050','12018052300021','*','*',480,480,0,'50',now(),'admin',now(),'admin');
INSERT INTO OD_ODERASGN (ODERNO,ODERSN,ASGNNO,DC,BIZ,CLIENT,SKU,FRLOC,FRLOT,FRPLTID,FRCASEID,FREAID,TOLOC,TOLOT,TOPLTID,TOCASEID,TOEAID,PICKQTY,ODERQTY,WT,STAT,RGSDE,RGSUSR,UPDDE,UPDUSR)
VALUES ('2018060500007',1,'00001','GM','HDCR','HDCR','GDSI00080262','C2021','1201806050000410','12018060500060','*','*','Y1011','1201806050000410','12018060500060','*','*',0,0,0,'99',now(),'admin',now(),'admin');
INSERT INTO OD_ODERASGN (ODERNO,ODERSN,ASGNNO,DC,BIZ,CLIENT,SKU,FRLOC,FRLOT,FRPLTID,FRCASEID,FREAID,TOLOC,TOLOT,TOPLTID,TOCASEID,TOEAID,PICKQTY,ODERQTY,WT,STAT,RGSDE,RGSUSR,UPDDE,UPDUSR)
VALUES ('2018060500007',1,'00002','GM','HDCR','HDCR','GDSI00080262','C2051','1201806050000500','12018010100002','*','*','Y1011','1201806050000500','12018010100002','*','*',0,0,0,'99',now(),'admin',now(),'admin');
INSERT INTO OD_ODERASGN (ODERNO,ODERSN,ASGNNO,DC,BIZ,CLIENT,SKU,FRLOC,FRLOT,FRPLTID,FRCASEID,FREAID,TOLOC,TOLOT,TOPLTID,TOCASEID,TOEAID,PICKQTY,ODERQTY,WT,STAT,RGSDE,RGSUSR,UPDDE,UPDUSR)
VALUES ('2018060500013',1,'00001','GM','HDCR','HDCR','GDSI00080260','C1031','1201805290000290','12018052900056','*','*','Y1011','1201805290000290','12018052900056','*','*',0,0,0,'99',now(),'admin',now(),'admin');
INSERT INTO OD_ODERASGN (ODERNO,ODERSN,ASGNNO,DC,BIZ,CLIENT,SKU,FRLOC,FRLOT,FRPLTID,FRCASEID,FREAID,TOLOC,TOLOT,TOPLTID,TOCASEID,TOEAID,PICKQTY,ODERQTY,WT,STAT,RGSDE,RGSUSR,UPDDE,UPDUSR)
VALUES ('2018060500013',1,'00002','GM','HDCR','HDCR','GDSI00080260','B2023','1201805300000040','12018053000003','*','*','Y1011','1201805300000040','12018053000003','*','*',0,0,0,'99',now(),'admin',now(),'admin');
INSERT INTO OD_ODERASGN (ODERNO,ODERSN,ASGNNO,DC,BIZ,CLIENT,SKU,FRLOC,FRLOT,FRPLTID,FRCASEID,FREAID,TOLOC,TOLOT,TOPLTID,TOCASEID,TOEAID,PICKQTY,ODERQTY,WT,STAT,RGSDE,RGSUSR,UPDDE,UPDUSR)
VALUES ('2018060500013',1,'00003','GM','HDCR','HDCR','GDSI00080260','Y1011','1201805290000290','12018052900056','*','*','Y1011','1201805290000290','12018052900056','*','*',9000,9000,0,'50',now(),'admin',now(),'admin');
INSERT INTO OD_ODERASGN (ODERNO,ODERSN,ASGNNO,DC,BIZ,CLIENT,SKU,FRLOC,FRLOT,FRPLTID,FRCASEID,FREAID,TOLOC,TOLOT,TOPLTID,TOCASEID,TOEAID,PICKQTY,ODERQTY,WT,STAT,RGSDE,RGSUSR,UPDDE,UPDUSR)
VALUES ('2018060500013',1,'00004','GM','HDCR','HDCR','GDSI00080260','Y1011','1201805300000040','12018053000003','*','*','Y1011','1201805300000040','12018053000003','*','*',1000,1000,0,'50',now(),'admin',now(),'admin');
INSERT INTO OD_ODERASGN (ODERNO,ODERSN,ASGNNO,DC,BIZ,CLIENT,SKU,FRLOC,FRLOT,FRPLTID,FRCASEID,FREAID,TOLOC,TOLOT,TOPLTID,TOCASEID,TOEAID,PICKQTY,ODERQTY,WT,STAT,RGSDE,RGSUSR,UPDDE,UPDUSR)
VALUES ('2018060500007',1,'00003','GM','HDCR','HDCR','GDSI00080262','Y1011','1201806050000410','12018060500060','*','*','Y1011','1201806050000410','12018060500060','*','*',25000,25000,0,'50',now(),'admin',now(),'admin');
INSERT INTO OD_ODERASGN (ODERNO,ODERSN,ASGNNO,DC,BIZ,CLIENT,SKU,FRLOC,FRLOT,FRPLTID,FRCASEID,FREAID,TOLOC,TOLOT,TOPLTID,TOCASEID,TOEAID,PICKQTY,ODERQTY,WT,STAT,RGSDE,RGSUSR,UPDDE,UPDUSR)
VALUES ('2018060500007',1,'00004','GM','HDCR','HDCR','GDSI00080262','Y1011','1201806050000500','12018010100002','*','*','Y1011','1201806050000500','12018010100002','*','*',15000,15000,0,'50',now(),'admin',now(),'admin');
INSERT INTO OD_ODERASGN (ODERNO,ODERSN,ASGNNO,DC,BIZ,CLIENT,SKU,FRLOC,FRLOT,FRPLTID,FRCASEID,FREAID,TOLOC,TOLOT,TOPLTID,TOCASEID,TOEAID,PICKQTY,ODERQTY,WT,STAT,RGSDE,RGSUSR,UPDDE,UPDUSR)
VALUES ('2018060500012',1,'00001','GM','HDCR','HDCR','GDSI00080258','Z1011','1201805140000060','12018051400068','*','*','Y1011','1201805140000060','12018051400068','*','*',0,0,0,'99',now(),'admin',now(),'admin');
INSERT INTO OD_ODERASGN (ODERNO,ODERSN,ASGNNO,DC,BIZ,CLIENT,SKU,FRLOC,FRLOT,FRPLTID,FRCASEID,FREAID,TOLOC,TOLOT,TOPLTID,TOCASEID,TOEAID,PICKQTY,ODERQTY,WT,STAT,RGSDE,RGSUSR,UPDDE,UPDUSR)
VALUES ('2018060500012',1,'00002','GM','HDCR','HDCR','GDSI00080258','Z1011','1201805150000360','12018051500099','*','*','Y1011','1201805150000360','12018051500099','*','*',0,0,0,'99',now(),'admin',now(),'admin');
INSERT INTO OD_ODERASGN (ODERNO,ODERSN,ASGNNO,DC,BIZ,CLIENT,SKU,FRLOC,FRLOT,FRPLTID,FRCASEID,FREAID,TOLOC,TOLOT,TOPLTID,TOCASEID,TOEAID,PICKQTY,ODERQTY,WT,STAT,RGSDE,RGSUSR,UPDDE,UPDUSR)
VALUES ('2018060500012',1,'00003','GM','HDCR','HDCR','GDSI00080258','Z1011','1201805160000050','12018051600003','*','*','Y1011','1201805160000050','12018051600003','*','*',0,0,0,'99',now(),'admin',now(),'admin');
INSERT INTO OD_ODERASGN (ODERNO,ODERSN,ASGNNO,DC,BIZ,CLIENT,SKU,FRLOC,FRLOT,FRPLTID,FRCASEID,FREAID,TOLOC,TOLOT,TOPLTID,TOCASEID,TOEAID,PICKQTY,ODERQTY,WT,STAT,RGSDE,RGSUSR,UPDDE,UPDUSR)
VALUES ('2018060500012',1,'00004','GM','HDCR','HDCR','GDSI00080258','Z1011','1201805160000050','12018051600004','*','*','Y1011','1201805160000050','12018051600004','*','*',0,0,0,'99',now(),'admin',now(),'admin');
INSERT INTO OD_ODERASGN (ODERNO,ODERSN,ASGNNO,DC,BIZ,CLIENT,SKU,FRLOC,FRLOT,FRPLTID,FRCASEID,FREAID,TOLOC,TOLOT,TOPLTID,TOCASEID,TOEAID,PICKQTY,ODERQTY,WT,STAT,RGSDE,RGSUSR,UPDDE,UPDUSR)
VALUES ('2018060500012',1,'00005','GM','HDCR','HDCR','GDSI00080258','Z1011','1201805160000050','12018051600005','*','*','Y1011','1201805160000050','12018051600005','*','*',0,0,0,'99',now(),'admin',now(),'admin');
INSERT INTO OD_ODERASGN (ODERNO,ODERSN,ASGNNO,DC,BIZ,CLIENT,SKU,FRLOC,FRLOT,FRPLTID,FRCASEID,FREAID,TOLOC,TOLOT,TOPLTID,TOCASEID,TOEAID,PICKQTY,ODERQTY,WT,STAT,RGSDE,RGSUSR,UPDDE,UPDUSR)
VALUES ('2018060500012',1,'00006','GM','HDCR','HDCR','GDSI00080258','Z1011','1201805160000050','12018051600007','*','*','Y1011','1201805160000050','12018051600007','*','*',0,0,0,'99',now(),'admin',now(),'admin');
INSERT INTO OD_ODERASGN (ODERNO,ODERSN,ASGNNO,DC,BIZ,CLIENT,SKU,FRLOC,FRLOT,FRPLTID,FRCASEID,FREAID,TOLOC,TOLOT,TOPLTID,TOCASEID,TOEAID,PICKQTY,ODERQTY,WT,STAT,RGSDE,RGSUSR,UPDDE,UPDUSR)
VALUES ('2018060500012',1,'00007','GM','HDCR','HDCR','GDSI00080258','Z1011','1201805160000050','12018051600010','*','*','Y1011','1201805160000050','12018051600010','*','*',0,0,0,'99',now(),'admin',now(),'admin');
INSERT INTO OD_ODERASGN (ODERNO,ODERSN,ASGNNO,DC,BIZ,CLIENT,SKU,FRLOC,FRLOT,FRPLTID,FRCASEID,FREAID,TOLOC,TOLOT,TOPLTID,TOCASEID,TOEAID,PICKQTY,ODERQTY,WT,STAT,RGSDE,RGSUSR,UPDDE,UPDUSR)
VALUES ('2018060500012',1,'00008','GM','HDCR','HDCR','GDSI00080258','Z1011','1201805180000050','12018051800009','*','*','Y1011','1201805180000050','12018051800009','*','*',0,0,0,'99',now(),'admin',now(),'admin');
INSERT INTO OD_ODERASGN (ODERNO,ODERSN,ASGNNO,DC,BIZ,CLIENT,SKU,FRLOC,FRLOT,FRPLTID,FRCASEID,FREAID,TOLOC,TOLOT,TOPLTID,TOCASEID,TOEAID,PICKQTY,ODERQTY,WT,STAT,RGSDE,RGSUSR,UPDDE,UPDUSR)
VALUES ('2018060500012',1,'00009','GM','HDCR','HDCR','GDSI00080258','Z1011','1201805180000050','12018051800056','*','*','Y1011','1201805180000050','12018051800056','*','*',0,0,0,'99',now(),'admin',now(),'admin');
INSERT INTO OD_ODERASGN (ODERNO,ODERSN,ASGNNO,DC,BIZ,CLIENT,SKU,FRLOC,FRLOT,FRPLTID,FRCASEID,FREAID,TOLOC,TOLOT,TOPLTID,TOCASEID,TOEAID,PICKQTY,ODERQTY,WT,STAT,RGSDE,RGSUSR,UPDDE,UPDUSR)
VALUES ('2018060500012',1,'00010','GM','HDCR','HDCR','GDSI00080258','Y1011','1201805160000370','12018051600064','*','*','Y1011','1201805160000370','12018051600064','*','*',0,0,0,'99',now(),'admin',now(),'admin');
INSERT INTO OD_ODERASGN (ODERNO,ODERSN,ASGNNO,DC,BIZ,CLIENT,SKU,FRLOC,FRLOT,FRPLTID,FRCASEID,FREAID,TOLOC,TOLOT,TOPLTID,TOCASEID,TOEAID,PICKQTY,ODERQTY,WT,STAT,RGSDE,RGSUSR,UPDDE,UPDUSR)
VALUES ('2018060500012',1,'00011','GM','HDCR','HDCR','GDSI00080258','Y1011','1201805160000370','12018051600067','*','*','Y1011','1201805160000370','12018051600067','*','*',0,0,0,'99',now(),'admin',now(),'admin');
INSERT INTO OD_ODERASGN (ODERNO,ODERSN,ASGNNO,DC,BIZ,CLIENT,SKU,FRLOC,FRLOT,FRPLTID,FRCASEID,FREAID,TOLOC,TOLOT,TOPLTID,TOCASEID,TOEAID,PICKQTY,ODERQTY,WT,STAT,RGSDE,RGSUSR,UPDDE,UPDUSR)
VALUES ('2018060500012',1,'00012','GM','HDCR','HDCR','GDSI00080258','Y1011','1201805180000050','12018051800008','*','*','Y1011','1201805180000050','12018051800008','*','*',0,0,0,'99',now(),'admin',now(),'admin');
INSERT INTO OD_ODERASGN (ODERNO,ODERSN,ASGNNO,DC,BIZ,CLIENT,SKU,FRLOC,FRLOT,FRPLTID,FRCASEID,FREAID,TOLOC,TOLOT,TOPLTID,TOCASEID,TOEAID,PICKQTY,ODERQTY,WT,STAT,RGSDE,RGSUSR,UPDDE,UPDUSR)
VALUES ('2018060500012',1,'00013','GM','HDCR','HDCR','GDSI00080258','Y1011','1201805180000050','12018051800069','*','*','Y1011','1201805180000050','12018051800069','*','*',0,0,0,'99',now(),'admin',now(),'admin');
INSERT INTO OD_ODERASGN (ODERNO,ODERSN,ASGNNO,DC,BIZ,CLIENT,SKU,FRLOC,FRLOT,FRPLTID,FRCASEID,FREAID,TOLOC,TOLOT,TOPLTID,TOCASEID,TOEAID,PICKQTY,ODERQTY,WT,STAT,RGSDE,RGSUSR,UPDDE,UPDUSR)
VALUES ('2018060500012',1,'00014','GM','HDCR','HDCR','GDSI00080258','Z1011','1201805230000050','12018052300014','*','*','Y1011','1201805230000050','12018052300014','*','*',0,0,0,'99',now(),'admin',now(),'admin');
INSERT INTO OD_ODERASGN (ODERNO,ODERSN,ASGNNO,DC,BIZ,CLIENT,SKU,FRLOC,FRLOT,FRPLTID,FRCASEID,FREAID,TOLOC,TOLOT,TOPLTID,TOCASEID,TOEAID,PICKQTY,ODERQTY,WT,STAT,RGSDE,RGSUSR,UPDDE,UPDUSR)
VALUES ('2018060500012',1,'00015','GM','HDCR','HDCR','GDSI00080258','Z1011','1201805230000050','12018052300021','*','*','Y1011','1201805230000050','12018052300021','*','*',0,0,0,'99',now(),'admin',now(),'admin');
INSERT INTO OD_ODERASGN (ODERNO,ODERSN,ASGNNO,DC,BIZ,CLIENT,SKU,FRLOC,FRLOT,FRPLTID,FRCASEID,FREAID,TOLOC,TOLOT,TOPLTID,TOCASEID,TOEAID,PICKQTY,ODERQTY,WT,STAT,RGSDE,RGSUSR,UPDDE,UPDUSR)
VALUES ('2018060500012',1,'00016','GM','HDCR','HDCR','GDSI00080258','Z1011','1201805180000050','12018051800069','*','*','Y1011','1201805180000050','12018051800069','*','*',0,0,0,'99',now(),'admin',now(),'admin');
INSERT INTO OD_ODERASGN (ODERNO,ODERSN,ASGNNO,DC,BIZ,CLIENT,SKU,FRLOC,FRLOT,FRPLTID,FRCASEID,FREAID,TOLOC,TOLOT,TOPLTID,TOCASEID,TOEAID,PICKQTY,ODERQTY,WT,STAT,RGSDE,RGSUSR,UPDDE,UPDUSR)
VALUES ('2018060500012',1,'00017','GM','HDCR','HDCR','GDSI00080258','Z1011','1201805230000050','12018052300009','*','*','Y1011','1201805230000050','12018052300009','*','*',0,0,0,'99',now(),'admin',now(),'admin');
INSERT INTO OD_ODERASGN (ODERNO,ODERSN,ASGNNO,DC,BIZ,CLIENT,SKU,FRLOC,FRLOT,FRPLTID,FRCASEID,FREAID,TOLOC,TOLOT,TOPLTID,TOCASEID,TOEAID,PICKQTY,ODERQTY,WT,STAT,RGSDE,RGSUSR,UPDDE,UPDUSR)
VALUES ('2018060500012',1,'00018','GM','HDCR','HDCR','GDSI00080258','Z1011','1201805230000050','12018052300010','*','*','Y1011','1201805230000050','12018052300010','*','*',0,0,0,'99',now(),'admin',now(),'admin');
INSERT INTO OD_ODERASGN (ODERNO,ODERSN,ASGNNO,DC,BIZ,CLIENT,SKU,FRLOC,FRLOT,FRPLTID,FRCASEID,FREAID,TOLOC,TOLOT,TOPLTID,TOCASEID,TOEAID,PICKQTY,ODERQTY,WT,STAT,RGSDE,RGSUSR,UPDDE,UPDUSR)
VALUES ('2018060500012',1,'00019','GM','HDCR','HDCR','GDSI00080258','Z1011','1201805230000050','12018052300011','*','*','Y1011','1201805230000050','12018052300011','*','*',0,0,0,'99',now(),'admin',now(),'admin');
INSERT INTO OD_ODERASGN (ODERNO,ODERSN,ASGNNO,DC,BIZ,CLIENT,SKU,FRLOC,FRLOT,FRPLTID,FRCASEID,FREAID,TOLOC,TOLOT,TOPLTID,TOCASEID,TOEAID,PICKQTY,ODERQTY,WT,STAT,RGSDE,RGSUSR,UPDDE,UPDUSR)
VALUES ('2018060500014',1,'00001','GM','HDCR','HDCR','GDSI00080270','Y1011','1201806050000040','12018060500002','*','*','Y1011','1201806050000040','12018060500002','*','*',0,0,0,'99',now(),'admin',now(),'admin');
INSERT INTO OD_ODERASGN (ODERNO,ODERSN,ASGNNO,DC,BIZ,CLIENT,SKU,FRLOC,FRLOT,FRPLTID,FRCASEID,FREAID,TOLOC,TOLOT,TOPLTID,TOCASEID,TOEAID,PICKQTY,ODERQTY,WT,STAT,RGSDE,RGSUSR,UPDDE,UPDUSR)
VALUES ('2018060500014',1,'00002','GM','HDCR','HDCR','GDSI00080270','Y1011','1201806050000040','12018060500005','*','*','Y1011','1201806050000040','12018060500005','*','*',0,0,0,'99',now(),'admin',now(),'admin');
INSERT INTO OD_ODERASGN (ODERNO,ODERSN,ASGNNO,DC,BIZ,CLIENT,SKU,FRLOC,FRLOT,FRPLTID,FRCASEID,FREAID,TOLOC,TOLOT,TOPLTID,TOCASEID,TOEAID,PICKQTY,ODERQTY,WT,STAT,RGSDE,RGSUSR,UPDDE,UPDUSR)
VALUES ('2018060500014',1,'00003','GM','HDCR','HDCR','GDSI00080270','Y1011','1201806050000040','12018060500003','*','*','Y1011','1201806050000040','12018060500003','*','*',0,0,0,'99',now(),'admin',now(),'admin');
INSERT INTO OD_ODERASGN (ODERNO,ODERSN,ASGNNO,DC,BIZ,CLIENT,SKU,FRLOC,FRLOT,FRPLTID,FRCASEID,FREAID,TOLOC,TOLOT,TOPLTID,TOCASEID,TOEAID,PICKQTY,ODERQTY,WT,STAT,RGSDE,RGSUSR,UPDDE,UPDUSR)
VALUES ('2018060500014',1,'00004','GM','HDCR','HDCR','GDSI00080270','Y1011','1201806050000040','12018060500004','*','*','Y1011','1201806050000040','12018060500004','*','*',0,0,0,'99',now(),'admin',now(),'admin');
INSERT INTO OD_ODERASGN (ODERNO,ODERSN,ASGNNO,DC,BIZ,CLIENT,SKU,FRLOC,FRLOT,FRPLTID,FRCASEID,FREAID,TOLOC,TOLOT,TOPLTID,TOCASEID,TOEAID,PICKQTY,ODERQTY,WT,STAT,RGSDE,RGSUSR,UPDDE,UPDUSR)
VALUES ('2018060500014',1,'00005','GM','HDCR','HDCR','GDSI00080270','Y1011','1201806050000040','12018060500001','*','*','Y1011','1201806050000040','12018060500001','*','*',0,0,0,'99',now(),'admin',now(),'admin');
INSERT INTO OD_ODERASGN (ODERNO,ODERSN,ASGNNO,DC,BIZ,CLIENT,SKU,FRLOC,FRLOT,FRPLTID,FRCASEID,FREAID,TOLOC,TOLOT,TOPLTID,TOCASEID,TOEAID,PICKQTY,ODERQTY,WT,STAT,RGSDE,RGSUSR,UPDDE,UPDUSR)
VALUES ('2018060500014',1,'00006','GM','HDCR','HDCR','GDSI00080270','Y1011','1201806050000040','12018060500002','*','*','Y1011','1201806050000040','12018060500002','*','*',5760,5760,0,'50',now(),'admin',now(),'admin');
INSERT INTO OD_ODERASGN (ODERNO,ODERSN,ASGNNO,DC,BIZ,CLIENT,SKU,FRLOC,FRLOT,FRPLTID,FRCASEID,FREAID,TOLOC,TOLOT,TOPLTID,TOCASEID,TOEAID,PICKQTY,ODERQTY,WT,STAT,RGSDE,RGSUSR,UPDDE,UPDUSR)
VALUES ('2018060500014',1,'00007','GM','HDCR','HDCR','GDSI00080270','Y1011','1201806050000040','12018060500005','*','*','Y1011','1201806050000040','12018060500005','*','*',5760,5760,0,'50',now(),'admin',now(),'admin');
INSERT INTO OD_ODERASGN (ODERNO,ODERSN,ASGNNO,DC,BIZ,CLIENT,SKU,FRLOC,FRLOT,FRPLTID,FRCASEID,FREAID,TOLOC,TOLOT,TOPLTID,TOCASEID,TOEAID,PICKQTY,ODERQTY,WT,STAT,RGSDE,RGSUSR,UPDDE,UPDUSR)
VALUES ('2018060500014',1,'00008','GM','HDCR','HDCR','GDSI00080270','Y1011','1201806050000040','12018060500003','*','*','Y1011','1201806050000040','12018060500003','*','*',5760,5760,0,'50',now(),'admin',now(),'admin');
INSERT INTO OD_ODERASGN (ODERNO,ODERSN,ASGNNO,DC,BIZ,CLIENT,SKU,FRLOC,FRLOT,FRPLTID,FRCASEID,FREAID,TOLOC,TOLOT,TOPLTID,TOCASEID,TOEAID,PICKQTY,ODERQTY,WT,STAT,RGSDE,RGSUSR,UPDDE,UPDUSR)
VALUES ('2018060500014',1,'00009','GM','HDCR','HDCR','GDSI00080270','Y1011','1201806050000040','12018060500004','*','*','Y1011','1201806050000040','12018060500004','*','*',5760,5760,0,'50',now(),'admin',now(),'admin');
INSERT INTO OD_ODERASGN (ODERNO,ODERSN,ASGNNO,DC,BIZ,CLIENT,SKU,FRLOC,FRLOT,FRPLTID,FRCASEID,FREAID,TOLOC,TOLOT,TOPLTID,TOCASEID,TOEAID,PICKQTY,ODERQTY,WT,STAT,RGSDE,RGSUSR,UPDDE,UPDUSR)
VALUES ('2018060500014',1,'00010','GM','HDCR','HDCR','GDSI00080270','Y1011','1201806050000040','12018060500001','*','*','Y1011','1201806050000040','12018060500001','*','*',5760,5760,0,'50',now(),'admin',now(),'admin');
INSERT INTO OD_ODERASGN (ODERNO,ODERSN,ASGNNO,DC,BIZ,CLIENT,SKU,FRLOC,FRLOT,FRPLTID,FRCASEID,FREAID,TOLOC,TOLOT,TOPLTID,TOCASEID,TOEAID,PICKQTY,ODERQTY,WT,STAT,RGSDE,RGSUSR,UPDDE,UPDUSR)
VALUES ('2018060500012',1,'00020','GM','HDCR','HDCR','GDSI00080258','Y1011','1201805170000330','12018051700080','*','*','Y1011','1201805170000330','12018051700080','*','*',0,0,0,'99',now(),'admin',now(),'admin');
INSERT INTO OD_ODERASGN (ODERNO,ODERSN,ASGNNO,DC,BIZ,CLIENT,SKU,FRLOC,FRLOT,FRPLTID,FRCASEID,FREAID,TOLOC,TOLOT,TOPLTID,TOCASEID,TOEAID,PICKQTY,ODERQTY,WT,STAT,RGSDE,RGSUSR,UPDDE,UPDUSR)
VALUES ('2018060500012',1,'00021','GM','HDCR','HDCR','GDSI00080258','Y1011','1201805170000330','12018051700081','*','*','Y1011','1201805170000330','12018051700081','*','*',0,0,0,'99',now(),'admin',now(),'admin');
INSERT INTO OD_ODERASGN (ODERNO,ODERSN,ASGNNO,DC,BIZ,CLIENT,SKU,FRLOC,FRLOT,FRPLTID,FRCASEID,FREAID,TOLOC,TOLOT,TOPLTID,TOCASEID,TOEAID,PICKQTY,ODERQTY,WT,STAT,RGSDE,RGSUSR,UPDDE,UPDUSR)
VALUES ('2018060500012',1,'00022','GM','HDCR','HDCR','GDSI00080258','Y1011','1201805230000050','12018052300012','*','*','Y1011','1201805230000050','12018052300012','*','*',0,0,0,'99',now(),'admin',now(),'admin');
INSERT INTO OD_ODERASGN (ODERNO,ODERSN,ASGNNO,DC,BIZ,CLIENT,SKU,FRLOC,FRLOT,FRPLTID,FRCASEID,FREAID,TOLOC,TOLOT,TOPLTID,TOCASEID,TOEAID,PICKQTY,ODERQTY,WT,STAT,RGSDE,RGSUSR,UPDDE,UPDUSR)
VALUES ('2018060500012',1,'00023','GM','HDCR','HDCR','GDSI00080258','Z1011','1201805140000060','12018051400068','*','*','Y1011','1201805140000060','12018051400068','*','*',0,0,0,'99',now(),'admin',now(),'admin');
INSERT INTO OD_ODERASGN (ODERNO,ODERSN,ASGNNO,DC,BIZ,CLIENT,SKU,FRLOC,FRLOT,FRPLTID,FRCASEID,FREAID,TOLOC,TOLOT,TOPLTID,TOCASEID,TOEAID,PICKQTY,ODERQTY,WT,STAT,RGSDE,RGSUSR,UPDDE,UPDUSR)
VALUES ('2018060500012',1,'00024','GM','HDCR','HDCR','GDSI00080258','Z1011','1201805150000360','12018051500099','*','*','Y1011','1201805150000360','12018051500099','*','*',0,0,0,'99',now(),'admin',now(),'admin');
INSERT INTO OD_ODERASGN (ODERNO,ODERSN,ASGNNO,DC,BIZ,CLIENT,SKU,FRLOC,FRLOT,FRPLTID,FRCASEID,FREAID,TOLOC,TOLOT,TOPLTID,TOCASEID,TOEAID,PICKQTY,ODERQTY,WT,STAT,RGSDE,RGSUSR,UPDDE,UPDUSR)
VALUES ('2018060500012',1,'00025','GM','HDCR','HDCR','GDSI00080258','Z1011','1201805160000050','12018051600003','*','*','Y1011','1201805160000050','12018051600003','*','*',0,0,0,'99',now(),'admin',now(),'admin');
INSERT INTO OD_ODERASGN (ODERNO,ODERSN,ASGNNO,DC,BIZ,CLIENT,SKU,FRLOC,FRLOT,FRPLTID,FRCASEID,FREAID,TOLOC,TOLOT,TOPLTID,TOCASEID,TOEAID,PICKQTY,ODERQTY,WT,STAT,RGSDE,RGSUSR,UPDDE,UPDUSR)
VALUES ('2018060500012',1,'00026','GM','HDCR','HDCR','GDSI00080258','Z1011','1201805160000050','12018051600004','*','*','Y1011','1201805160000050','12018051600004','*','*',0,0,0,'99',now(),'admin',now(),'admin');
INSERT INTO OD_ODERASGN (ODERNO,ODERSN,ASGNNO,DC,BIZ,CLIENT,SKU,FRLOC,FRLOT,FRPLTID,FRCASEID,FREAID,TOLOC,TOLOT,TOPLTID,TOCASEID,TOEAID,PICKQTY,ODERQTY,WT,STAT,RGSDE,RGSUSR,UPDDE,UPDUSR)
VALUES ('2018060500012',1,'00027','GM','HDCR','HDCR','GDSI00080258','Z1011','1201805160000050','12018051600005','*','*','Y1011','1201805160000050','12018051600005','*','*',0,0,0,'99',now(),'admin',now(),'admin');
INSERT INTO OD_ODERASGN (ODERNO,ODERSN,ASGNNO,DC,BIZ,CLIENT,SKU,FRLOC,FRLOT,FRPLTID,FRCASEID,FREAID,TOLOC,TOLOT,TOPLTID,TOCASEID,TOEAID,PICKQTY,ODERQTY,WT,STAT,RGSDE,RGSUSR,UPDDE,UPDUSR)
VALUES ('2018060500012',1,'00028','GM','HDCR','HDCR','GDSI00080258','Z1011','1201805160000050','12018051600007','*','*','Y1011','1201805160000050','12018051600007','*','*',0,0,0,'99',now(),'admin',now(),'admin');
INSERT INTO OD_ODERASGN (ODERNO,ODERSN,ASGNNO,DC,BIZ,CLIENT,SKU,FRLOC,FRLOT,FRPLTID,FRCASEID,FREAID,TOLOC,TOLOT,TOPLTID,TOCASEID,TOEAID,PICKQTY,ODERQTY,WT,STAT,RGSDE,RGSUSR,UPDDE,UPDUSR)
VALUES ('2018060500012',1,'00029','GM','HDCR','HDCR','GDSI00080258','Z1011','1201805160000050','12018051600010','*','*','Y1011','1201805160000050','12018051600010','*','*',0,0,0,'99',now(),'admin',now(),'admin');
INSERT INTO OD_ODERASGN (ODERNO,ODERSN,ASGNNO,DC,BIZ,CLIENT,SKU,FRLOC,FRLOT,FRPLTID,FRCASEID,FREAID,TOLOC,TOLOT,TOPLTID,TOCASEID,TOEAID,PICKQTY,ODERQTY,WT,STAT,RGSDE,RGSUSR,UPDDE,UPDUSR)
VALUES ('2018060500012',1,'00030','GM','HDCR','HDCR','GDSI00080258','Z1011','1201805180000050','12018051800009','*','*','Y1011','1201805180000050','12018051800009','*','*',0,0,0,'99',now(),'admin',now(),'admin');
INSERT INTO OD_ODERASGN (ODERNO,ODERSN,ASGNNO,DC,BIZ,CLIENT,SKU,FRLOC,FRLOT,FRPLTID,FRCASEID,FREAID,TOLOC,TOLOT,TOPLTID,TOCASEID,TOEAID,PICKQTY,ODERQTY,WT,STAT,RGSDE,RGSUSR,UPDDE,UPDUSR)
VALUES ('2018060500012',1,'00031','GM','HDCR','HDCR','GDSI00080258','Z1011','1201805180000050','12018051800056','*','*','Y1011','1201805180000050','12018051800056','*','*',0,0,0,'99',now(),'admin',now(),'admin');
INSERT INTO OD_ODERASGN (ODERNO,ODERSN,ASGNNO,DC,BIZ,CLIENT,SKU,FRLOC,FRLOT,FRPLTID,FRCASEID,FREAID,TOLOC,TOLOT,TOPLTID,TOCASEID,TOEAID,PICKQTY,ODERQTY,WT,STAT,RGSDE,RGSUSR,UPDDE,UPDUSR)
VALUES ('2018060500012',1,'00032','GM','HDCR','HDCR','GDSI00080258','Z1011','1201805180000050','12018051800069','*','*','Y1011','1201805180000050','12018051800069','*','*',0,0,0,'99',now(),'admin',now(),'admin');
INSERT INTO OD_ODERASGN (ODERNO,ODERSN,ASGNNO,DC,BIZ,CLIENT,SKU,FRLOC,FRLOT,FRPLTID,FRCASEID,FREAID,TOLOC,TOLOT,TOPLTID,TOCASEID,TOEAID,PICKQTY,ODERQTY,WT,STAT,RGSDE,RGSUSR,UPDDE,UPDUSR)
VALUES ('2018060500012',1,'00033','GM','HDCR','HDCR','GDSI00080258','Z1011','1201805230000050','12018052300009','*','*','Y1011','1201805230000050','12018052300009','*','*',0,0,0,'99',now(),'admin',now(),'admin');
INSERT INTO OD_ODERASGN (ODERNO,ODERSN,ASGNNO,DC,BIZ,CLIENT,SKU,FRLOC,FRLOT,FRPLTID,FRCASEID,FREAID,TOLOC,TOLOT,TOPLTID,TOCASEID,TOEAID,PICKQTY,ODERQTY,WT,STAT,RGSDE,RGSUSR,UPDDE,UPDUSR)
VALUES ('2018060500012',1,'00034','GM','HDCR','HDCR','GDSI00080258','Z1011','1201805230000050','12018052300010','*','*','Y1011','1201805230000050','12018052300010','*','*',0,0,0,'99',now(),'admin',now(),'admin');
INSERT INTO OD_ODERASGN (ODERNO,ODERSN,ASGNNO,DC,BIZ,CLIENT,SKU,FRLOC,FRLOT,FRPLTID,FRCASEID,FREAID,TOLOC,TOLOT,TOPLTID,TOCASEID,TOEAID,PICKQTY,ODERQTY,WT,STAT,RGSDE,RGSUSR,UPDDE,UPDUSR)
VALUES ('2018060500012',1,'00035','GM','HDCR','HDCR','GDSI00080258','Z1011','1201805230000050','12018052300011','*','*','Y1011','1201805230000050','12018052300011','*','*',0,0,0,'99',now(),'admin',now(),'admin');
INSERT INTO OD_ODERASGN (ODERNO,ODERSN,ASGNNO,DC,BIZ,CLIENT,SKU,FRLOC,FRLOT,FRPLTID,FRCASEID,FREAID,TOLOC,TOLOT,TOPLTID,TOCASEID,TOEAID,PICKQTY,ODERQTY,WT,STAT,RGSDE,RGSUSR,UPDDE,UPDUSR)
VALUES ('2018060500012',1,'00036','GM','HDCR','HDCR','GDSI00080258','Z1011','1201805230000050','12018052300014','*','*','Y1011','1201805230000050','12018052300014','*','*',0,0,0,'99',now(),'admin',now(),'admin');
INSERT INTO OD_ODERASGN (ODERNO,ODERSN,ASGNNO,DC,BIZ,CLIENT,SKU,FRLOC,FRLOT,FRPLTID,FRCASEID,FREAID,TOLOC,TOLOT,TOPLTID,TOCASEID,TOEAID,PICKQTY,ODERQTY,WT,STAT,RGSDE,RGSUSR,UPDDE,UPDUSR)
VALUES ('2018060500012',1,'00037','GM','HDCR','HDCR','GDSI00080258','Z1011','1201805230000050','12018052300021','*','*','Y1011','1201805230000050','12018052300021','*','*',0,0,0,'99',now(),'admin',now(),'admin');
INSERT INTO OD_ODERASGN (ODERNO,ODERSN,ASGNNO,DC,BIZ,CLIENT,SKU,FRLOC,FRLOT,FRPLTID,FRCASEID,FREAID,TOLOC,TOLOT,TOPLTID,TOCASEID,TOEAID,PICKQTY,ODERQTY,WT,STAT,RGSDE,RGSUSR,UPDDE,UPDUSR)
VALUES ('2018060500012',1,'00038','GM','HDCR','HDCR','GDSI00080258','Y1011','1201805160000370','12018051600064','*','*','Y1011','1201805160000370','12018051600064','*','*',0,0,0,'99',now(),'admin',now(),'admin');
INSERT INTO OD_ODERASGN (ODERNO,ODERSN,ASGNNO,DC,BIZ,CLIENT,SKU,FRLOC,FRLOT,FRPLTID,FRCASEID,FREAID,TOLOC,TOLOT,TOPLTID,TOCASEID,TOEAID,PICKQTY,ODERQTY,WT,STAT,RGSDE,RGSUSR,UPDDE,UPDUSR)
VALUES ('2018060500012',1,'00039','GM','HDCR','HDCR','GDSI00080258','Y1011','1201805160000370','12018051600067','*','*','Y1011','1201805160000370','12018051600067','*','*',0,0,0,'99',now(),'admin',now(),'admin');
INSERT INTO OD_ODERASGN (ODERNO,ODERSN,ASGNNO,DC,BIZ,CLIENT,SKU,FRLOC,FRLOT,FRPLTID,FRCASEID,FREAID,TOLOC,TOLOT,TOPLTID,TOCASEID,TOEAID,PICKQTY,ODERQTY,WT,STAT,RGSDE,RGSUSR,UPDDE,UPDUSR)
VALUES ('2018060500012',1,'00040','GM','HDCR','HDCR','GDSI00080258','Y1011','1201805170000330','12018051700080','*','*','Y1011','1201805170000330','12018051700080','*','*',0,0,0,'99',now(),'admin',now(),'admin');
INSERT INTO OD_ODERASGN (ODERNO,ODERSN,ASGNNO,DC,BIZ,CLIENT,SKU,FRLOC,FRLOT,FRPLTID,FRCASEID,FREAID,TOLOC,TOLOT,TOPLTID,TOCASEID,TOEAID,PICKQTY,ODERQTY,WT,STAT,RGSDE,RGSUSR,UPDDE,UPDUSR)
VALUES ('2018060500012',1,'00041','GM','HDCR','HDCR','GDSI00080258','Y1011','1201805170000330','12018051700081','*','*','Y1011','1201805170000330','12018051700081','*','*',0,0,0,'99',now(),'admin',now(),'admin');
INSERT INTO OD_ODERASGN (ODERNO,ODERSN,ASGNNO,DC,BIZ,CLIENT,SKU,FRLOC,FRLOT,FRPLTID,FRCASEID,FREAID,TOLOC,TOLOT,TOPLTID,TOCASEID,TOEAID,PICKQTY,ODERQTY,WT,STAT,RGSDE,RGSUSR,UPDDE,UPDUSR)
VALUES ('2018060500012',1,'00042','GM','HDCR','HDCR','GDSI00080258','Y1011','1201805180000050','12018051800008','*','*','Y1011','1201805180000050','12018051800008','*','*',0,0,0,'99',now(),'admin',now(),'admin');
INSERT INTO OD_ODERASGN (ODERNO,ODERSN,ASGNNO,DC,BIZ,CLIENT,SKU,FRLOC,FRLOT,FRPLTID,FRCASEID,FREAID,TOLOC,TOLOT,TOPLTID,TOCASEID,TOEAID,PICKQTY,ODERQTY,WT,STAT,RGSDE,RGSUSR,UPDDE,UPDUSR)
VALUES ('2018060500012',1,'00043','GM','HDCR','HDCR','GDSI00080258','Y1011','1201805230000050','12018052300012','*','*','Y1011','1201805230000050','12018052300012','*','*',0,0,0,'99',now(),'admin',now(),'admin');
INSERT INTO OD_ODERASGN (ODERNO,ODERSN,ASGNNO,DC,BIZ,CLIENT,SKU,FRLOC,FRLOT,FRPLTID,FRCASEID,FREAID,TOLOC,TOLOT,TOPLTID,TOCASEID,TOEAID,PICKQTY,ODERQTY,WT,STAT,RGSDE,RGSUSR,UPDDE,UPDUSR)
VALUES ('2018060500012',1,'00044','GM','HDCR','HDCR','GDSI00080258','Y1011','1201805230000050','12018052300013','*','*','Y1011','1201805230000050','12018052300013','*','*',0,0,0,'99',now(),'admin',now(),'admin');
INSERT INTO OD_ODERASGN (ODERNO,ODERSN,ASGNNO,DC,BIZ,CLIENT,SKU,FRLOC,FRLOT,FRPLTID,FRCASEID,FREAID,TOLOC,TOLOT,TOPLTID,TOCASEID,TOEAID,PICKQTY,ODERQTY,WT,STAT,RGSDE,RGSUSR,UPDDE,UPDUSR)
VALUES ('2018060500012',1,'00045','GM','HDCR','HDCR','GDSI00080258','Y1011','1201805230000050','12018052300021','*','*','Y1011','1201805230000050','12018052300021','*','*',0,0,0,'99',now(),'admin',now(),'admin');
INSERT INTO OD_ODERASGN (ODERNO,ODERSN,ASGNNO,DC,BIZ,CLIENT,SKU,FRLOC,FRLOT,FRPLTID,FRCASEID,FREAID,TOLOC,TOLOT,TOPLTID,TOCASEID,TOEAID,PICKQTY,ODERQTY,WT,STAT,RGSDE,RGSUSR,UPDDE,UPDUSR)
VALUES ('2018060500012',1,'00046','GM','HDCR','HDCR','GDSI00080258','Y1011','1201805140000060','12018051400068','*','*','Y1011','1201805140000060','12018051400068','*','*',4320,4320,0,'50',now(),'admin',now(),'admin');
INSERT INTO OD_ODERASGN (ODERNO,ODERSN,ASGNNO,DC,BIZ,CLIENT,SKU,FRLOC,FRLOT,FRPLTID,FRCASEID,FREAID,TOLOC,TOLOT,TOPLTID,TOCASEID,TOEAID,PICKQTY,ODERQTY,WT,STAT,RGSDE,RGSUSR,UPDDE,UPDUSR)
VALUES ('2018060500012',1,'00047','GM','HDCR','HDCR','GDSI00080258','Y1011','1201805150000360','12018051500099','*','*','Y1011','1201805150000360','12018051500099','*','*',5760,5760,0,'50',now(),'admin',now(),'admin');
INSERT INTO OD_ODERASGN (ODERNO,ODERSN,ASGNNO,DC,BIZ,CLIENT,SKU,FRLOC,FRLOT,FRPLTID,FRCASEID,FREAID,TOLOC,TOLOT,TOPLTID,TOCASEID,TOEAID,PICKQTY,ODERQTY,WT,STAT,RGSDE,RGSUSR,UPDDE,UPDUSR)
VALUES ('2018060500012',1,'00048','GM','HDCR','HDCR','GDSI00080258','Y1011','1201805160000050','12018051600003','*','*','Y1011','1201805160000050','12018051600003','*','*',5760,5760,0,'50',now(),'admin',now(),'admin');
INSERT INTO OD_ODERASGN (ODERNO,ODERSN,ASGNNO,DC,BIZ,CLIENT,SKU,FRLOC,FRLOT,FRPLTID,FRCASEID,FREAID,TOLOC,TOLOT,TOPLTID,TOCASEID,TOEAID,PICKQTY,ODERQTY,WT,STAT,RGSDE,RGSUSR,UPDDE,UPDUSR)
VALUES ('2018060500012',1,'00049','GM','HDCR','HDCR','GDSI00080258','Y1011','1201805160000050','12018051600004','*','*','Y1011','1201805160000050','12018051600004','*','*',5760,5760,0,'50',now(),'admin',now(),'admin');
INSERT INTO OD_ODERASGN (ODERNO,ODERSN,ASGNNO,DC,BIZ,CLIENT,SKU,FRLOC,FRLOT,FRPLTID,FRCASEID,FREAID,TOLOC,TOLOT,TOPLTID,TOCASEID,TOEAID,PICKQTY,ODERQTY,WT,STAT,RGSDE,RGSUSR,UPDDE,UPDUSR)
VALUES ('2018060500012',1,'00050','GM','HDCR','HDCR','GDSI00080258','Y1011','1201805160000050','12018051600005','*','*','Y1011','1201805160000050','12018051600005','*','*',5760,5760,0,'50',now(),'admin',now(),'admin');
INSERT INTO OD_ODERASGN (ODERNO,ODERSN,ASGNNO,DC,BIZ,CLIENT,SKU,FRLOC,FRLOT,FRPLTID,FRCASEID,FREAID,TOLOC,TOLOT,TOPLTID,TOCASEID,TOEAID,PICKQTY,ODERQTY,WT,STAT,RGSDE,RGSUSR,UPDDE,UPDUSR)
VALUES ('2018060500012',1,'00051','GM','HDCR','HDCR','GDSI00080258','Y1011','1201805160000050','12018051600007','*','*','Y1011','1201805160000050','12018051600007','*','*',4800,4800,0,'50',now(),'admin',now(),'admin');
INSERT INTO OD_ODERASGN (ODERNO,ODERSN,ASGNNO,DC,BIZ,CLIENT,SKU,FRLOC,FRLOT,FRPLTID,FRCASEID,FREAID,TOLOC,TOLOT,TOPLTID,TOCASEID,TOEAID,PICKQTY,ODERQTY,WT,STAT,RGSDE,RGSUSR,UPDDE,UPDUSR)
VALUES ('2018060500012',1,'00052','GM','HDCR','HDCR','GDSI00080258','Y1011','1201805160000050','12018051600010','*','*','Y1011','1201805160000050','12018051600010','*','*',5760,5760,0,'50',now(),'admin',now(),'admin');
INSERT INTO OD_ODERASGN (ODERNO,ODERSN,ASGNNO,DC,BIZ,CLIENT,SKU,FRLOC,FRLOT,FRPLTID,FRCASEID,FREAID,TOLOC,TOLOT,TOPLTID,TOCASEID,TOEAID,PICKQTY,ODERQTY,WT,STAT,RGSDE,RGSUSR,UPDDE,UPDUSR)
VALUES ('2018060500012',1,'00053','GM','HDCR','HDCR','GDSI00080258','Y1011','1201805180000050','12018051800009','*','*','Y1011','1201805180000050','12018051800009','*','*',5760,5760,0,'50',now(),'admin',now(),'admin');
INSERT INTO OD_ODERASGN (ODERNO,ODERSN,ASGNNO,DC,BIZ,CLIENT,SKU,FRLOC,FRLOT,FRPLTID,FRCASEID,FREAID,TOLOC,TOLOT,TOPLTID,TOCASEID,TOEAID,PICKQTY,ODERQTY,WT,STAT,RGSDE,RGSUSR,UPDDE,UPDUSR)
VALUES ('2018060500012',1,'00054','GM','HDCR','HDCR','GDSI00080258','Y1011','1201805180000050','12018051800056','*','*','Y1011','1201805180000050','12018051800056','*','*',5760,5760,0,'50',now(),'admin',now(),'admin');
