-- RC_RCPTHD ==================================================================================================================
INSERT INTO RC_RCPTHD (RCPTNO,DC,BIZ,CLIENT,DEALDE,PLANDE,RCPTDE,RCPTTP,RCPTTY,POCUST,POCUSTTP,STAT,RGSDE,RGSUSR,UPDDE,UPDUSR)
VALUES ('2018060500002','GM','HDCR','HDCR','20180605','20180605','20180605','R21','None','30015','None','50',now(),'admin',now(),'admin');
INSERT INTO RC_RCPTHD (RCPTNO,DC,BIZ,CLIENT,DEALDE,PLANDE,RCPTDE,RCPTTP,RCPTTY,POCUST,POCUSTTP,STAT,RGSDE,RGSUSR,UPDDE,UPDUSR)
VALUES ('2018060500005','GM','HDCR','HDCR','20180605','20180605','20180605','R21','None','30016','None','50',now(),'admin',now(),'admin');
INSERT INTO RC_RCPTHD (RCPTNO,DC,BIZ,CLIENT,DEALDE,PLANDE,RCPTDE,RCPTTP,RCPTTY,POCUST,POCUSTTP,STAT,RGSDE,RGSUSR,UPDDE,UPDUSR)
VALUES ('2018060500007','GM','HDCR','HDCR','20180605','20180605','20180605','R21','None','30018','None','50',now(),'admin',now(),'admin');

-- RC_RCPTDT ==================================================================================================================	
INSERT INTO RC_RCPTDT (RCPTNO,RCPTSN,DC,BIZ,CLIENT,SKU,PLANQTY,ADJSQTY,INSPQTY,RCPTQTY,WT,UNTPC,AMT,TAXTP,VAT,STAT,RGSDE,RGSUSR,UPDDE,UPDUSR)
VALUES ('2018060500007',1,'GM','HDCR','HDCR','GDSI00100029',88560,88560,88560,88560,0,0,0,'None',0,'50',now(),'admin',now(),'admin');
INSERT INTO RC_RCPTDT (RCPTNO,RCPTSN,DC,BIZ,CLIENT,SKU,PLANQTY,ADJSQTY,INSPQTY,RCPTQTY,WT,UNTPC,AMT,TAXTP,VAT,STAT,RGSDE,RGSUSR,UPDDE,UPDUSR)
VALUES ('2018060500007',2,'GM','HDCR','HDCR','GDSI00100030',86130,86130,86130,86130,0,0,0,'None',0,'50',now(),'admin',now(),'admin');
INSERT INTO RC_RCPTDT (RCPTNO,RCPTSN,DC,BIZ,CLIENT,SKU,PLANQTY,ADJSQTY,INSPQTY,RCPTQTY,WT,UNTPC,AMT,TAXTP,VAT,STAT,RGSDE,RGSUSR,UPDDE,UPDUSR)
VALUES ('2018060500007',3,'GM','HDCR','HDCR','GDSI00100034',9570,9570,9570,9570,0,0,0,'None',0,'50',now(),'admin',now(),'admin');
INSERT INTO RC_RCPTDT (RCPTNO,RCPTSN,DC,BIZ,CLIENT,SKU,PLANQTY,ADJSQTY,INSPQTY,RCPTQTY,WT,UNTPC,AMT,TAXTP,VAT,STAT,RGSDE,RGSUSR,UPDDE,UPDUSR)
VALUES ('2018060500007',4,'GM','HDCR','HDCR','GDSI00100036',17670,17670,17670,17670,0,0,0,'None',0,'50',now(),'admin',now(),'admin');
INSERT INTO RC_RCPTDT (RCPTNO,RCPTSN,DC,BIZ,CLIENT,SKU,PLANQTY,ADJSQTY,INSPQTY,RCPTQTY,WT,UNTPC,AMT,TAXTP,VAT,STAT,RGSDE,RGSUSR,UPDDE,UPDUSR)
VALUES ('2018060500007',5,'GM','HDCR','HDCR','GDSI00100037',40160,40160,0,0,0,0,0,'None',0,'01',now(),'admin',now(),'admin');
INSERT INTO RC_RCPTDT (RCPTNO,RCPTSN,DC,BIZ,CLIENT,SKU,PLANQTY,ADJSQTY,INSPQTY,RCPTQTY,WT,UNTPC,AMT,TAXTP,VAT,STAT,RGSDE,RGSUSR,UPDDE,UPDUSR)
VALUES ('2018060500005',1,'GM','HDCR','HDCR','GDSI00100040',33500,33500,33500,33500,0,0,0,'None',0,'50',now(),'admin',now(),'admin');
INSERT INTO RC_RCPTDT (RCPTNO,RCPTSN,DC,BIZ,CLIENT,SKU,PLANQTY,ADJSQTY,INSPQTY,RCPTQTY,WT,UNTPC,AMT,TAXTP,VAT,STAT,RGSDE,RGSUSR,UPDDE,UPDUSR)
VALUES ('2018060500005',2,'GM','HDCR','HDCR','GDSI00100041',32300,32300,32300,32300,0,0,0,'None',0,'50',now(),'admin',now(),'admin');
INSERT INTO RC_RCPTDT (RCPTNO,RCPTSN,DC,BIZ,CLIENT,SKU,PLANQTY,ADJSQTY,INSPQTY,RCPTQTY,WT,UNTPC,AMT,TAXTP,VAT,STAT,RGSDE,RGSUSR,UPDDE,UPDUSR)
VALUES ('2018060500005',3,'GM','HDCR','HDCR','GDSI00100042',31500,31500,31500,31500,0,0,0,'None',0,'50',now(),'admin',now(),'admin');
INSERT INTO RC_RCPTDT (RCPTNO,RCPTSN,DC,BIZ,CLIENT,SKU,PLANQTY,ADJSQTY,INSPQTY,RCPTQTY,WT,UNTPC,AMT,TAXTP,VAT,STAT,RGSDE,RGSUSR,UPDDE,UPDUSR)
VALUES ('2018060500005',4,'GM','HDCR','HDCR','GDSI00100044',40000,40000,40000,40000,0,0,0,'None',0,'50',now(),'admin',now(),'admin');
INSERT INTO RC_RCPTDT (RCPTNO,RCPTSN,DC,BIZ,CLIENT,SKU,PLANQTY,ADJSQTY,INSPQTY,RCPTQTY,WT,UNTPC,AMT,TAXTP,VAT,STAT,RGSDE,RGSUSR,UPDDE,UPDUSR)
VALUES ('2018060500005',5,'GM','HDCR','HDCR','GDSI00100046',31500,31500,31500,31500,0,0,0,'None',0,'50',now(),'admin',now(),'admin');
INSERT INTO RC_RCPTDT (RCPTNO,RCPTSN,DC,BIZ,CLIENT,SKU,PLANQTY,ADJSQTY,INSPQTY,RCPTQTY,WT,UNTPC,AMT,TAXTP,VAT,STAT,RGSDE,RGSUSR,UPDDE,UPDUSR)
VALUES ('2018060500005',6,'GM','HDCR','HDCR','GDSI00100049',15000,15000,15000,15000,0,0,0,'None',0,'50',now(),'admin',now(),'admin');
INSERT INTO RC_RCPTDT (RCPTNO,RCPTSN,DC,BIZ,CLIENT,SKU,PLANQTY,ADJSQTY,INSPQTY,RCPTQTY,WT,UNTPC,AMT,TAXTP,VAT,STAT,RGSDE,RGSUSR,UPDDE,UPDUSR)
VALUES ('2018060500002',2,'GM','HDCR','HDCR','GDSI00100050',51000,51000,51000,51000,0,0,0,'None',0,'50',now(),'admin',now(),'admin');
INSERT INTO RC_RCPTDT (RCPTNO,RCPTSN,DC,BIZ,CLIENT,SKU,PLANQTY,ADJSQTY,INSPQTY,RCPTQTY,WT,UNTPC,AMT,TAXTP,VAT,STAT,RGSDE,RGSUSR,UPDDE,UPDUSR)
VALUES ('2018060500002',3,'GM','HDCR','HDCR','GDSI00080289',27600,27600,27600,27600,0,0,0,'None',0,'50',now(),'admin',now(),'admin');
INSERT INTO RC_RCPTDT (RCPTNO,RCPTSN,DC,BIZ,CLIENT,SKU,PLANQTY,ADJSQTY,INSPQTY,RCPTQTY,WT,UNTPC,AMT,TAXTP,VAT,STAT,RGSDE,RGSUSR,UPDDE,UPDUSR)
VALUES ('2018060500002',1,'GM','HDCR','HDCR','GDSI00080290',500000,500000,500000,500000,0,0,0,'None',0,'50',now(),'admin',now(),'admin');

-- RC_RCPTASGN ==================================================================================================================	
INSERT INTO RC_RCPTASGN (RCPTNO,RCPTSN,ASGNNO,DC,BIZ,CLIENT,SKU,LOT,PLTID,CASEID,EAID,INSPLOC,RCMDLOC,PUTWLOC,PLANQTY,INSPQTY,RCPTQTY,WT,STAT,RGSDE,RGSUSR,UPDDE,UPDUSR)
VALUES ('2018060400001',8,'00007','GM','HDCR','HDCR','GDSI09400081','1201806040000020','12018060400007','*','*','M1011','A2042','Y1011',0,7200,7200,0,'50',now(),'admin',now(),'admin');
INSERT INTO RC_RCPTASGN (RCPTNO,RCPTSN,ASGNNO,DC,BIZ,CLIENT,SKU,LOT,PLTID,CASEID,EAID,INSPLOC,RCMDLOC,PUTWLOC,PLANQTY,INSPQTY,RCPTQTY,WT,STAT,RGSDE,RGSUSR,UPDDE,UPDUSR)
VALUES ('2018060400001',8,'00008','GM','HDCR','HDCR','GDSI09400081','1201806040000020','12018060400008','*','*','M1011','A2042','*',0,7200,0,0,'10',now(),'admin',now(),'admin');
INSERT INTO RC_RCPTASGN (RCPTNO,RCPTSN,ASGNNO,DC,BIZ,CLIENT,SKU,LOT,PLTID,CASEID,EAID,INSPLOC,RCMDLOC,PUTWLOC,PLANQTY,INSPQTY,RCPTQTY,WT,STAT,RGSDE,RGSUSR,UPDDE,UPDUSR)
VALUES ('2018060400001',8,'00009','GM','HDCR','HDCR','GDSI09400081','1201806040000020','12018060400009','*','*','M1011','A2042','*',0,7200,0,0,'10',now(),'admin',now(),'admin');
INSERT INTO RC_RCPTASGN (RCPTNO,RCPTSN,ASGNNO,DC,BIZ,CLIENT,SKU,LOT,PLTID,CASEID,EAID,INSPLOC,RCMDLOC,PUTWLOC,PLANQTY,INSPQTY,RCPTQTY,WT,STAT,RGSDE,RGSUSR,UPDDE,UPDUSR)
VALUES ('2018060400001',8,'00010','GM','HDCR','HDCR','GDSI09400081','1201806040000020','12018060400010','*','*','M1011','A2042','*',0,1200,0,0,'10',now(),'admin',now(),'admin');
INSERT INTO RC_RCPTASGN (RCPTNO,RCPTSN,ASGNNO,DC,BIZ,CLIENT,SKU,LOT,PLTID,CASEID,EAID,INSPLOC,RCMDLOC,PUTWLOC,PLANQTY,INSPQTY,RCPTQTY,WT,STAT,RGSDE,RGSUSR,UPDDE,UPDUSR)
VALUES ('2018060400001',9,'00001','GM','HDCR','HDCR','GDDO05000001','1201806040000030','12018060400011','*','*','M1011','A2042','Y1011',0,10000,10000,0,'50',now(),'admin',now(),'admin');
INSERT INTO RC_RCPTASGN (RCPTNO,RCPTSN,ASGNNO,DC,BIZ,CLIENT,SKU,LOT,PLTID,CASEID,EAID,INSPLOC,RCMDLOC,PUTWLOC,PLANQTY,INSPQTY,RCPTQTY,WT,STAT,RGSDE,RGSUSR,UPDDE,UPDUSR)
VALUES ('2018060400001',9,'00002','GM','HDCR','HDCR','GDDO05000001','1201806040000030','12018060400012','*','*','M1011','A2042','Y1011',0,10000,10000,0,'50',now(),'admin',now(),'admin');
INSERT INTO RC_RCPTASGN (RCPTNO,RCPTSN,ASGNNO,DC,BIZ,CLIENT,SKU,LOT,PLTID,CASEID,EAID,INSPLOC,RCMDLOC,PUTWLOC,PLANQTY,INSPQTY,RCPTQTY,WT,STAT,RGSDE,RGSUSR,UPDDE,UPDUSR)
VALUES ('2018060400001',9,'00003','GM','HDCR','HDCR','GDDO05000001','1201806040000030','12018060400013','*','*','M1011','A2042','Y1011',0,10000,10000,0,'50',now(),'admin',now(),'admin');
INSERT INTO RC_RCPTASGN (RCPTNO,RCPTSN,ASGNNO,DC,BIZ,CLIENT,SKU,LOT,PLTID,CASEID,EAID,INSPLOC,RCMDLOC,PUTWLOC,PLANQTY,INSPQTY,RCPTQTY,WT,STAT,RGSDE,RGSUSR,UPDDE,UPDUSR)
VALUES ('2018060400001',9,'00004','GM','HDCR','HDCR','GDDO05000001','1201806040000030','12018060400014','*','*','M1011','A2042','Y1011',0,10000,10000,0,'50',now(),'admin',now(),'admin');
INSERT INTO RC_RCPTASGN (RCPTNO,RCPTSN,ASGNNO,DC,BIZ,CLIENT,SKU,LOT,PLTID,CASEID,EAID,INSPLOC,RCMDLOC,PUTWLOC,PLANQTY,INSPQTY,RCPTQTY,WT,STAT,RGSDE,RGSUSR,UPDDE,UPDUSR)
VALUES ('2018060400001',9,'00005','GM','HDCR','HDCR','GDDO05000001','1201806040000030','12018060400015','*','*','M1011','A2042','Y1011',0,10000,10000,0,'50',now(),'admin',now(),'admin');
INSERT INTO RC_RCPTASGN (RCPTNO,RCPTSN,ASGNNO,DC,BIZ,CLIENT,SKU,LOT,PLTID,CASEID,EAID,INSPLOC,RCMDLOC,PUTWLOC,PLANQTY,INSPQTY,RCPTQTY,WT,STAT,RGSDE,RGSUSR,UPDDE,UPDUSR)
VALUES ('2018060400001',9,'00006','GM','HDCR','HDCR','GDDO05000001','1201806040000030','12018060400016','*','*','M1011','A2042','Y1011',0,10000,10000,0,'50',now(),'admin',now(),'admin');
INSERT INTO RC_RCPTASGN (RCPTNO,RCPTSN,ASGNNO,DC,BIZ,CLIENT,SKU,LOT,PLTID,CASEID,EAID,INSPLOC,RCMDLOC,PUTWLOC,PLANQTY,INSPQTY,RCPTQTY,WT,STAT,RGSDE,RGSUSR,UPDDE,UPDUSR)
VALUES ('2018060400001',9,'00007','GM','HDCR','HDCR','GDDO05000001','1201806040000030','12018060400017','*','*','M1011','A2042','Y1011',0,10000,10000,0,'50',now(),'admin',now(),'admin');
INSERT INTO RC_RCPTASGN (RCPTNO,RCPTSN,ASGNNO,DC,BIZ,CLIENT,SKU,LOT,PLTID,CASEID,EAID,INSPLOC,RCMDLOC,PUTWLOC,PLANQTY,INSPQTY,RCPTQTY,WT,STAT,RGSDE,RGSUSR,UPDDE,UPDUSR)
VALUES ('2018060400001',9,'00008','GM','HDCR','HDCR','GDDO05000001','1201806040000030','12018060400018','*','*','M1011','A2042','Y1011',0,6500,6500,0,'50',now(),'admin',now(),'admin');
INSERT INTO RC_RCPTASGN (RCPTNO,RCPTSN,ASGNNO,DC,BIZ,CLIENT,SKU,LOT,PLTID,CASEID,EAID,INSPLOC,RCMDLOC,PUTWLOC,PLANQTY,INSPQTY,RCPTQTY,WT,STAT,RGSDE,RGSUSR,UPDDE,UPDUSR)
VALUES ('2018060200001',4,'00003','GM','HDCR','HDCR','GDSI00060002','1201806020000080','12018060200011','*','*','M1011','A2042','*',0,20000,0,0,'10',now(),'admin',now(),'admin');
INSERT INTO RC_RCPTASGN (RCPTNO,RCPTSN,ASGNNO,DC,BIZ,CLIENT,SKU,LOT,PLTID,CASEID,EAID,INSPLOC,RCMDLOC,PUTWLOC,PLANQTY,INSPQTY,RCPTQTY,WT,STAT,RGSDE,RGSUSR,UPDDE,UPDUSR)
VALUES ('2018060200001',4,'00004','GM','HDCR','HDCR','GDSI00060002','1201806020000080','12018060200012','*','*','M1011','A2042','*',0,36000,0,0,'10',now(),'admin',now(),'admin');
INSERT INTO RC_RCPTASGN (RCPTNO,RCPTSN,ASGNNO,DC,BIZ,CLIENT,SKU,LOT,PLTID,CASEID,EAID,INSPLOC,RCMDLOC,PUTWLOC,PLANQTY,INSPQTY,RCPTQTY,WT,STAT,RGSDE,RGSUSR,UPDDE,UPDUSR)
VALUES ('2018060200001',4,'00005','GM','HDCR','HDCR','GDSI00060002','1201806020000080','12018060200013','*','*','M1011','A2042','Y1011',0,18000,18000,0,'50',now(),'admin',now(),'admin');
INSERT INTO RC_RCPTASGN (RCPTNO,RCPTSN,ASGNNO,DC,BIZ,CLIENT,SKU,LOT,PLTID,CASEID,EAID,INSPLOC,RCMDLOC,PUTWLOC,PLANQTY,INSPQTY,RCPTQTY,WT,STAT,RGSDE,RGSUSR,UPDDE,UPDUSR)
VALUES ('2018060400001',17,'00001','GM','HDCR','HDCR','GDSI04300001','1201806040000040','12018060400019','*','*','M1011','A2042','*',0,18000,0,0,'10',now(),'admin',now(),'admin');
INSERT INTO RC_RCPTASGN (RCPTNO,RCPTSN,ASGNNO,DC,BIZ,CLIENT,SKU,LOT,PLTID,CASEID,EAID,INSPLOC,RCMDLOC,PUTWLOC,PLANQTY,INSPQTY,RCPTQTY,WT,STAT,RGSDE,RGSUSR,UPDDE,UPDUSR)
VALUES ('2018060400001',17,'00002','GM','HDCR','HDCR','GDSI04300001','1201806040000040','12018060400020','*','*','M1011','A2042','Y1011',0,16000,16000,0,'50',now(),'admin',now(),'admin');
INSERT INTO RC_RCPTASGN (RCPTNO,RCPTSN,ASGNNO,DC,BIZ,CLIENT,SKU,LOT,PLTID,CASEID,EAID,INSPLOC,RCMDLOC,PUTWLOC,PLANQTY,INSPQTY,RCPTQTY,WT,STAT,RGSDE,RGSUSR,UPDDE,UPDUSR)
VALUES ('2018060400001',3,'00001','GM','HDCR','HDCR','GDSI00180012','1201806040000050','12018060400021','*','*','M1011','A2042','Y1011',0,16000,16000,0,'50',now(),'admin',now(),'admin');
INSERT INTO RC_RCPTASGN (RCPTNO,RCPTSN,ASGNNO,DC,BIZ,CLIENT,SKU,LOT,PLTID,CASEID,EAID,INSPLOC,RCMDLOC,PUTWLOC,PLANQTY,INSPQTY,RCPTQTY,WT,STAT,RGSDE,RGSUSR,UPDDE,UPDUSR)
VALUES ('2018060400001',3,'00002','GM','HDCR','HDCR','GDSI00180012','1201806040000050','12018060400022','*','*','M1011','A2042','Y1011',0,16000,16000,0,'50',now(),'admin',now(),'admin');
INSERT INTO RC_RCPTASGN (RCPTNO,RCPTSN,ASGNNO,DC,BIZ,CLIENT,SKU,LOT,PLTID,CASEID,EAID,INSPLOC,RCMDLOC,PUTWLOC,PLANQTY,INSPQTY,RCPTQTY,WT,STAT,RGSDE,RGSUSR,UPDDE,UPDUSR)
VALUES ('2018060400001',3,'00003','GM','HDCR','HDCR','GDSI00180012','1201806040000050','12018060400023','*','*','M1011','A2042','Y1011',0,16000,16000,0,'50',now(),'admin',now(),'admin');
INSERT INTO RC_RCPTASGN (RCPTNO,RCPTSN,ASGNNO,DC,BIZ,CLIENT,SKU,LOT,PLTID,CASEID,EAID,INSPLOC,RCMDLOC,PUTWLOC,PLANQTY,INSPQTY,RCPTQTY,WT,STAT,RGSDE,RGSUSR,UPDDE,UPDUSR)
VALUES ('2018060400001',3,'00004','GM','HDCR','HDCR','GDSI00180012','1201806040000050','12018060400024','*','*','M1011','A2042','Y1011',0,2000,2000,0,'50',now(),'admin',now(),'admin');
INSERT INTO RC_RCPTASGN (RCPTNO,RCPTSN,ASGNNO,DC,BIZ,CLIENT,SKU,LOT,PLTID,CASEID,EAID,INSPLOC,RCMDLOC,PUTWLOC,PLANQTY,INSPQTY,RCPTQTY,WT,STAT,RGSDE,RGSUSR,UPDDE,UPDUSR)
VALUES ('2018060400001',3,'00005','GM','HDCR','HDCR','GDSI00180012','1201806040000050','12018060400025','*','*','M1011','A2042','Y1011',0,1000,1000,0,'50',now(),'admin',now(),'admin');
INSERT INTO RC_RCPTASGN (RCPTNO,RCPTSN,ASGNNO,DC,BIZ,CLIENT,SKU,LOT,PLTID,CASEID,EAID,INSPLOC,RCMDLOC,PUTWLOC,PLANQTY,INSPQTY,RCPTQTY,WT,STAT,RGSDE,RGSUSR,UPDDE,UPDUSR)
VALUES ('2018060400001',10,'00001','GM','HDCR','HDCR','GDSI05200005','1201806040000060','12018060400026','*','*','M1011','E1031','Y1011',0,16000,16000,0,'50',now(),'admin',now(),'admin');
INSERT INTO RC_RCPTASGN (RCPTNO,RCPTSN,ASGNNO,DC,BIZ,CLIENT,SKU,LOT,PLTID,CASEID,EAID,INSPLOC,RCMDLOC,PUTWLOC,PLANQTY,INSPQTY,RCPTQTY,WT,STAT,RGSDE,RGSUSR,UPDDE,UPDUSR)
VALUES ('2018060400001',10,'00002','GM','HDCR','HDCR','GDSI05200005','1201806040000060','12018060400027','*','*','M1011','E1031','*',0,14000,0,0,'10',now(),'admin',now(),'admin');
INSERT INTO RC_RCPTASGN (RCPTNO,RCPTSN,ASGNNO,DC,BIZ,CLIENT,SKU,LOT,PLTID,CASEID,EAID,INSPLOC,RCMDLOC,PUTWLOC,PLANQTY,INSPQTY,RCPTQTY,WT,STAT,RGSDE,RGSUSR,UPDDE,UPDUSR)
VALUES ('2018060400001',15,'00001','GM','HDCR','HDCR','GDSI00040001','1201806040000070','12018060400028','*','*','M1011','A2042','Y1011',0,48000,48000,0,'50',now(),'admin',now(),'admin');
INSERT INTO RC_RCPTASGN (RCPTNO,RCPTSN,ASGNNO,DC,BIZ,CLIENT,SKU,LOT,PLTID,CASEID,EAID,INSPLOC,RCMDLOC,PUTWLOC,PLANQTY,INSPQTY,RCPTQTY,WT,STAT,RGSDE,RGSUSR,UPDDE,UPDUSR)
VALUES ('2018060400001',6,'00001','GM','HDCR','HDCR','GDSI00130240','1201806040000080','12018060400029','*','*','M1011','A2042','Y1011',0,24000,24000,0,'50',now(),'admin',now(),'admin');
INSERT INTO RC_RCPTASGN (RCPTNO,RCPTSN,ASGNNO,DC,BIZ,CLIENT,SKU,LOT,PLTID,CASEID,EAID,INSPLOC,RCMDLOC,PUTWLOC,PLANQTY,INSPQTY,RCPTQTY,WT,STAT,RGSDE,RGSUSR,UPDDE,UPDUSR)
VALUES ('2018060400001',6,'00002','GM','HDCR','HDCR','GDSI00130240','1201806040000080','12018060400030','*','*','M1011','A2042','*',0,24000,0,0,'10',now(),'admin',now(),'admin');
INSERT INTO RC_RCPTASGN (RCPTNO,RCPTSN,ASGNNO,DC,BIZ,CLIENT,SKU,LOT,PLTID,CASEID,EAID,INSPLOC,RCMDLOC,PUTWLOC,PLANQTY,INSPQTY,RCPTQTY,WT,STAT,RGSDE,RGSUSR,UPDDE,UPDUSR)
VALUES ('2018060400001',6,'00003','GM','HDCR','HDCR','GDSI00130240','1201806040000080','12018060400031','*','*','M1011','A2042','*',0,22000,0,0,'10',now(),'admin',now(),'admin');
INSERT INTO RC_RCPTASGN (RCPTNO,RCPTSN,ASGNNO,DC,BIZ,CLIENT,SKU,LOT,PLTID,CASEID,EAID,INSPLOC,RCMDLOC,PUTWLOC,PLANQTY,INSPQTY,RCPTQTY,WT,STAT,RGSDE,RGSUSR,UPDDE,UPDUSR)
VALUES ('2018060400001',4,'00001','GM','HDCR','HDCR','GDSI00160008','1201806040000090','12018060400032','*','*','M1011','A2042','Y1011',0,24000,24000,0,'50',now(),'admin',now(),'admin');
INSERT INTO RC_RCPTASGN (RCPTNO,RCPTSN,ASGNNO,DC,BIZ,CLIENT,SKU,LOT,PLTID,CASEID,EAID,INSPLOC,RCMDLOC,PUTWLOC,PLANQTY,INSPQTY,RCPTQTY,WT,STAT,RGSDE,RGSUSR,UPDDE,UPDUSR)
VALUES ('2018060400001',4,'00002','GM','HDCR','HDCR','GDSI00160008','1201806040000090','12018060400033','*','*','M1011','A2042','Y1011',0,24000,24000,0,'50',now(),'admin',now(),'admin');
INSERT INTO RC_RCPTASGN (RCPTNO,RCPTSN,ASGNNO,DC,BIZ,CLIENT,SKU,LOT,PLTID,CASEID,EAID,INSPLOC,RCMDLOC,PUTWLOC,PLANQTY,INSPQTY,RCPTQTY,WT,STAT,RGSDE,RGSUSR,UPDDE,UPDUSR)
VALUES ('2018060400001',4,'00003','GM','HDCR','HDCR','GDSI00160008','1201806040000090','12018060400034','*','*','M1011','A2042','*',0,22000,0,0,'10',now(),'admin',now(),'admin');
INSERT INTO RC_RCPTASGN (RCPTNO,RCPTSN,ASGNNO,DC,BIZ,CLIENT,SKU,LOT,PLTID,CASEID,EAID,INSPLOC,RCMDLOC,PUTWLOC,PLANQTY,INSPQTY,RCPTQTY,WT,STAT,RGSDE,RGSUSR,UPDDE,UPDUSR)
VALUES ('2018060100001',21,'00001','GM','HDCR','HDCR','GDAT00180006','1201806040000100','12018060100092','*','*','M1011','E1031','Y1011',0,36000,36000,0,'50',now(),'admin',now(),'admin');
INSERT INTO RC_RCPTASGN (RCPTNO,RCPTSN,ASGNNO,DC,BIZ,CLIENT,SKU,LOT,PLTID,CASEID,EAID,INSPLOC,RCMDLOC,PUTWLOC,PLANQTY,INSPQTY,RCPTQTY,WT,STAT,RGSDE,RGSUSR,UPDDE,UPDUSR)
VALUES ('2018060100001',21,'00002','GM','HDCR','HDCR','GDAT00180006','1201806040000100','12018060100093','*','*','M1011','E1031','Y1011',0,8000,8000,0,'50',now(),'admin',now(),'admin');
INSERT INTO RC_RCPTASGN (RCPTNO,RCPTSN,ASGNNO,DC,BIZ,CLIENT,SKU,LOT,PLTID,CASEID,EAID,INSPLOC,RCMDLOC,PUTWLOC,PLANQTY,INSPQTY,RCPTQTY,WT,STAT,RGSDE,RGSUSR,UPDDE,UPDUSR)
VALUES ('2018060400001',1,'00001','GM','HDCR','HDCR','GDSI00100039','1201806040000110','12018060400035','*','*','M1011','A2042','*',0,10000,0,0,'10',now(),'admin',now(),'admin');
INSERT INTO RC_RCPTASGN (RCPTNO,RCPTSN,ASGNNO,DC,BIZ,CLIENT,SKU,LOT,PLTID,CASEID,EAID,INSPLOC,RCMDLOC,PUTWLOC,PLANQTY,INSPQTY,RCPTQTY,WT,STAT,RGSDE,RGSUSR,UPDDE,UPDUSR)
VALUES ('2018060400001',1,'00002','GM','HDCR','HDCR','GDSI00100039','1201806040000110','12018060400036','*','*','M1011','A2042','Y1011',0,20000,20000,0,'50',now(),'admin',now(),'admin');
INSERT INTO RC_RCPTASGN (RCPTNO,RCPTSN,ASGNNO,DC,BIZ,CLIENT,SKU,LOT,PLTID,CASEID,EAID,INSPLOC,RCMDLOC,PUTWLOC,PLANQTY,INSPQTY,RCPTQTY,WT,STAT,RGSDE,RGSUSR,UPDDE,UPDUSR)
VALUES ('2018060400001',7,'00001','GM','HDCR','HDCR','GDSI00220070','1201806040000120','12018060400037','*','*','M1011','A2042','Y1011',0,22680,22680,0,'50',now(),'admin',now(),'admin');
INSERT INTO RC_RCPTASGN (RCPTNO,RCPTSN,ASGNNO,DC,BIZ,CLIENT,SKU,LOT,PLTID,CASEID,EAID,INSPLOC,RCMDLOC,PUTWLOC,PLANQTY,INSPQTY,RCPTQTY,WT,STAT,RGSDE,RGSUSR,UPDDE,UPDUSR)
VALUES ('2018060400001',7,'00002','GM','HDCR','HDCR','GDSI00220070','1201806040000120','12018060400038','*','*','M1011','A2042','*',0,22680,0,0,'10',now(),'admin',now(),'admin');
INSERT INTO RC_RCPTASGN (RCPTNO,RCPTSN,ASGNNO,DC,BIZ,CLIENT,SKU,LOT,PLTID,CASEID,EAID,INSPLOC,RCMDLOC,PUTWLOC,PLANQTY,INSPQTY,RCPTQTY,WT,STAT,RGSDE,RGSUSR,UPDDE,UPDUSR)
VALUES ('2018060400001',7,'00003','GM','HDCR','HDCR','GDSI00220070','1201806040000120','12018060400039','*','*','M1011','A2042','*',0,22680,0,0,'10',now(),'admin',now(),'admin');
INSERT INTO RC_RCPTASGN (RCPTNO,RCPTSN,ASGNNO,DC,BIZ,CLIENT,SKU,LOT,PLTID,CASEID,EAID,INSPLOC,RCMDLOC,PUTWLOC,PLANQTY,INSPQTY,RCPTQTY,WT,STAT,RGSDE,RGSUSR,UPDDE,UPDUSR)
VALUES ('2018060400001',7,'00004','GM','HDCR','HDCR','GDSI00220070','1201806040000120','12018060400040','*','*','M1011','A2042','*',0,7560,0,0,'10',now(),'admin',now(),'admin');
INSERT INTO RC_RCPTASGN (RCPTNO,RCPTSN,ASGNNO,DC,BIZ,CLIENT,SKU,LOT,PLTID,CASEID,EAID,INSPLOC,RCMDLOC,PUTWLOC,PLANQTY,INSPQTY,RCPTQTY,WT,STAT,RGSDE,RGSUSR,UPDDE,UPDUSR)
VALUES ('2018060400001',7,'00005','GM','HDCR','HDCR','GDSI00220070','1201806040000120','12018060400041','*','*','M1011','A2042','Y1011',0,14040,14040,0,'50',now(),'admin',now(),'admin');
INSERT INTO RC_RCPTASGN (RCPTNO,RCPTSN,ASGNNO,DC,BIZ,CLIENT,SKU,LOT,PLTID,CASEID,EAID,INSPLOC,RCMDLOC,PUTWLOC,PLANQTY,INSPQTY,RCPTQTY,WT,STAT,RGSDE,RGSUSR,UPDDE,UPDUSR)
VALUES ('2018060400001',5,'00001','GM','HDCR','HDCR','GDSIW0120096','1201806040000130','12018060400042','*','*','M1011','A2042','Y1011',0,24000,24000,0,'50',now(),'admin',now(),'admin');
INSERT INTO RC_RCPTASGN (RCPTNO,RCPTSN,ASGNNO,DC,BIZ,CLIENT,SKU,LOT,PLTID,CASEID,EAID,INSPLOC,RCMDLOC,PUTWLOC,PLANQTY,INSPQTY,RCPTQTY,WT,STAT,RGSDE,RGSUSR,UPDDE,UPDUSR)
VALUES ('2018060400001',5,'00002','GM','HDCR','HDCR','GDSIW0120096','1201806040000130','12018060400043','*','*','M1011','A2042','Y1011',0,24000,24000,0,'50',now(),'admin',now(),'admin');
INSERT INTO RC_RCPTASGN (RCPTNO,RCPTSN,ASGNNO,DC,BIZ,CLIENT,SKU,LOT,PLTID,CASEID,EAID,INSPLOC,RCMDLOC,PUTWLOC,PLANQTY,INSPQTY,RCPTQTY,WT,STAT,RGSDE,RGSUSR,UPDDE,UPDUSR)
VALUES ('2018060400001',5,'00003','GM','HDCR','HDCR','GDSIW0120096','1201806040000130','12018060400044','*','*','M1011','A2042','*',0,22000,0,0,'10',now(),'admin',now(),'admin');
INSERT INTO RC_RCPTASGN (RCPTNO,RCPTSN,ASGNNO,DC,BIZ,CLIENT,SKU,LOT,PLTID,CASEID,EAID,INSPLOC,RCMDLOC,PUTWLOC,PLANQTY,INSPQTY,RCPTQTY,WT,STAT,RGSDE,RGSUSR,UPDDE,UPDUSR)
VALUES ('2018060400001',6,'00004','GM','HDCR','HDCR','GDSI00130240','1201806040000080','12018060400045','*','*','M1011','A2042','Y1011',0,21000,21000,0,'50',now(),'admin',now(),'admin');
INSERT INTO RC_RCPTASGN (RCPTNO,RCPTSN,ASGNNO,DC,BIZ,CLIENT,SKU,LOT,PLTID,CASEID,EAID,INSPLOC,RCMDLOC,PUTWLOC,PLANQTY,INSPQTY,RCPTQTY,WT,STAT,RGSDE,RGSUSR,UPDDE,UPDUSR)
VALUES ('2018060400001',18,'00001','GM','HDCR','HDCR','GDAT00230007','1201806040000140','12018060400046','*','*','M1011','E1031','*',0,28800,0,0,'10',now(),'admin',now(),'admin');
INSERT INTO RC_RCPTASGN (RCPTNO,RCPTSN,ASGNNO,DC,BIZ,CLIENT,SKU,LOT,PLTID,CASEID,EAID,INSPLOC,RCMDLOC,PUTWLOC,PLANQTY,INSPQTY,RCPTQTY,WT,STAT,RGSDE,RGSUSR,UPDDE,UPDUSR)
VALUES ('2018060400001',18,'00002','GM','HDCR','HDCR','GDAT00230007','1201806040000140','12018060400047','*','*','M1011','E1031','*',0,28800,0,0,'10',now(),'admin',now(),'admin');
INSERT INTO RC_RCPTASGN (RCPTNO,RCPTSN,ASGNNO,DC,BIZ,CLIENT,SKU,LOT,PLTID,CASEID,EAID,INSPLOC,RCMDLOC,PUTWLOC,PLANQTY,INSPQTY,RCPTQTY,WT,STAT,RGSDE,RGSUSR,UPDDE,UPDUSR)
VALUES ('2018060400001',18,'00003','GM','HDCR','HDCR','GDAT00230007','1201806040000140','12018060400048','*','*','M1011','E1031','*',0,28800,0,0,'10',now(),'admin',now(),'admin');
INSERT INTO RC_RCPTASGN (RCPTNO,RCPTSN,ASGNNO,DC,BIZ,CLIENT,SKU,LOT,PLTID,CASEID,EAID,INSPLOC,RCMDLOC,PUTWLOC,PLANQTY,INSPQTY,RCPTQTY,WT,STAT,RGSDE,RGSUSR,UPDDE,UPDUSR)
VALUES ('2018060400001',18,'00004','GM','HDCR','HDCR','GDAT00230007','1201806040000140','12018060400049','*','*','M1011','E1031','*',0,28800,0,0,'10',now(),'admin',now(),'admin');
INSERT INTO RC_RCPTASGN (RCPTNO,RCPTSN,ASGNNO,DC,BIZ,CLIENT,SKU,LOT,PLTID,CASEID,EAID,INSPLOC,RCMDLOC,PUTWLOC,PLANQTY,INSPQTY,RCPTQTY,WT,STAT,RGSDE,RGSUSR,UPDDE,UPDUSR)
VALUES ('2018060400001',18,'00005','GM','HDCR','HDCR','GDAT00230007','1201806040000140','12018060400050','*','*','M1011','E1031','*',0,4800,0,0,'10',now(),'admin',now(),'admin');
INSERT INTO RC_RCPTASGN (RCPTNO,RCPTSN,ASGNNO,DC,BIZ,CLIENT,SKU,LOT,PLTID,CASEID,EAID,INSPLOC,RCMDLOC,PUTWLOC,PLANQTY,INSPQTY,RCPTQTY,WT,STAT,RGSDE,RGSUSR,UPDDE,UPDUSR)
VALUES ('2018060400001',18,'00006','GM','HDCR','HDCR','GDAT00230007','1201806040000140','12018060400051','*','*','M1011','E1031','*',0,28800,0,0,'10',now(),'admin',now(),'admin');
INSERT INTO RC_RCPTASGN (RCPTNO,RCPTSN,ASGNNO,DC,BIZ,CLIENT,SKU,LOT,PLTID,CASEID,EAID,INSPLOC,RCMDLOC,PUTWLOC,PLANQTY,INSPQTY,RCPTQTY,WT,STAT,RGSDE,RGSUSR,UPDDE,UPDUSR)
VALUES ('2018060400001',18,'00007','GM','HDCR','HDCR','GDAT00230007','1201806040000140','12018060400052','*','*','M1011','E1031','*',0,23200,0,0,'10',now(),'admin',now(),'admin');
INSERT INTO RC_RCPTASGN (RCPTNO,RCPTSN,ASGNNO,DC,BIZ,CLIENT,SKU,LOT,PLTID,CASEID,EAID,INSPLOC,RCMDLOC,PUTWLOC,PLANQTY,INSPQTY,RCPTQTY,WT,STAT,RGSDE,RGSUSR,UPDDE,UPDUSR)
VALUES ('2018060400001',18,'00008','GM','HDCR','HDCR','GDAT00230007','1201806040000140','12018060400053','*','*','M1011','E1031','H1052',0,24000,24000,0,'50',now(),'admin',now(),'admin');
INSERT INTO RC_RCPTASGN (RCPTNO,RCPTSN,ASGNNO,DC,BIZ,CLIENT,SKU,LOT,PLTID,CASEID,EAID,INSPLOC,RCMDLOC,PUTWLOC,PLANQTY,INSPQTY,RCPTQTY,WT,STAT,RGSDE,RGSUSR,UPDDE,UPDUSR)
VALUES ('2018060400001',17,'00003','GM','HDCR','HDCR','GDSI04300001','1201806040000040','12018060400054','*','*','M1011','A2042','Y1011',0,16000,16000,0,'50',now(),'admin',now(),'admin');
INSERT INTO RC_RCPTASGN (RCPTNO,RCPTSN,ASGNNO,DC,BIZ,CLIENT,SKU,LOT,PLTID,CASEID,EAID,INSPLOC,RCMDLOC,PUTWLOC,PLANQTY,INSPQTY,RCPTQTY,WT,STAT,RGSDE,RGSUSR,UPDDE,UPDUSR)
VALUES ('2018060400001',22,'00001','GM','HDCR','HDCR','GDDO05000001','1201806040000150','12018060400055','*','*','M1011','A2042','Y1011',0,10000,10000,0,'50',now(),'admin',now(),'admin');
INSERT INTO RC_RCPTASGN (RCPTNO,RCPTSN,ASGNNO,DC,BIZ,CLIENT,SKU,LOT,PLTID,CASEID,EAID,INSPLOC,RCMDLOC,PUTWLOC,PLANQTY,INSPQTY,RCPTQTY,WT,STAT,RGSDE,RGSUSR,UPDDE,UPDUSR)
VALUES ('2018060400001',22,'00002','GM','HDCR','HDCR','GDDO05000001','1201806040000150','12018060400056','*','*','M1011','A2042','Y1011',0,10000,10000,0,'50',now(),'admin',now(),'admin');
INSERT INTO RC_RCPTASGN (RCPTNO,RCPTSN,ASGNNO,DC,BIZ,CLIENT,SKU,LOT,PLTID,CASEID,EAID,INSPLOC,RCMDLOC,PUTWLOC,PLANQTY,INSPQTY,RCPTQTY,WT,STAT,RGSDE,RGSUSR,UPDDE,UPDUSR)
VALUES ('2018060400001',22,'00003','GM','HDCR','HDCR','GDDO05000001','1201806040000150','12018060400057','*','*','M1011','A2042','Y1011',0,10000,10000,0,'50',now(),'admin',now(),'admin');
INSERT INTO RC_RCPTASGN (RCPTNO,RCPTSN,ASGNNO,DC,BIZ,CLIENT,SKU,LOT,PLTID,CASEID,EAID,INSPLOC,RCMDLOC,PUTWLOC,PLANQTY,INSPQTY,RCPTQTY,WT,STAT,RGSDE,RGSUSR,UPDDE,UPDUSR)
VALUES ('2018060400001',22,'00004','GM','HDCR','HDCR','GDDO05000001','1201806040000150','12018060400058','*','*','M1011','A2042','Y1011',0,10000,10000,0,'50',now(),'admin',now(),'admin');
INSERT INTO RC_RCPTASGN (RCPTNO,RCPTSN,ASGNNO,DC,BIZ,CLIENT,SKU,LOT,PLTID,CASEID,EAID,INSPLOC,RCMDLOC,PUTWLOC,PLANQTY,INSPQTY,RCPTQTY,WT,STAT,RGSDE,RGSUSR,UPDDE,UPDUSR)
VALUES ('2018060400001',22,'00005','GM','HDCR','HDCR','GDDO05000001','1201806040000150','12018060400059','*','*','M1011','A2042','Y1011',0,10000,10000,0,'50',now(),'admin',now(),'admin');
INSERT INTO RC_RCPTASGN (RCPTNO,RCPTSN,ASGNNO,DC,BIZ,CLIENT,SKU,LOT,PLTID,CASEID,EAID,INSPLOC,RCMDLOC,PUTWLOC,PLANQTY,INSPQTY,RCPTQTY,WT,STAT,RGSDE,RGSUSR,UPDDE,UPDUSR)
VALUES ('2018060400001',22,'00006','GM','HDCR','HDCR','GDDO05000001','1201806040000150','12018060400060','*','*','M1011','A2042','Y1011',0,10000,10000,0,'50',now(),'admin',now(),'admin');
INSERT INTO RC_RCPTASGN (RCPTNO,RCPTSN,ASGNNO,DC,BIZ,CLIENT,SKU,LOT,PLTID,CASEID,EAID,INSPLOC,RCMDLOC,PUTWLOC,PLANQTY,INSPQTY,RCPTQTY,WT,STAT,RGSDE,RGSUSR,UPDDE,UPDUSR)
VALUES ('2018060400001',22,'00007','GM','HDCR','HDCR','GDDO05000001','1201806040000150','12018060400061','*','*','M1011','A2042','*',0,10000,0,0,'10',now(),'admin',now(),'admin');
INSERT INTO RC_RCPTASGN (RCPTNO,RCPTSN,ASGNNO,DC,BIZ,CLIENT,SKU,LOT,PLTID,CASEID,EAID,INSPLOC,RCMDLOC,PUTWLOC,PLANQTY,INSPQTY,RCPTQTY,WT,STAT,RGSDE,RGSUSR,UPDDE,UPDUSR)
VALUES ('2018060400001',29,'00001','GM','HDCR','HDCR','GDSI09400072','1201806040000160','12018060400062','*','*','M1011','E1031','Y1011',0,7200,7200,0,'50',now(),'admin',now(),'admin');
INSERT INTO RC_RCPTASGN (RCPTNO,RCPTSN,ASGNNO,DC,BIZ,CLIENT,SKU,LOT,PLTID,CASEID,EAID,INSPLOC,RCMDLOC,PUTWLOC,PLANQTY,INSPQTY,RCPTQTY,WT,STAT,RGSDE,RGSUSR,UPDDE,UPDUSR)
VALUES ('2018060400001',29,'00002','GM','HDCR','HDCR','GDSI09400072','1201806040000160','12018060400063','*','*','M1011','E1031','Y1011',0,7200,7200,0,'50',now(),'admin',now(),'admin');
INSERT INTO RC_RCPTASGN (RCPTNO,RCPTSN,ASGNNO,DC,BIZ,CLIENT,SKU,LOT,PLTID,CASEID,EAID,INSPLOC,RCMDLOC,PUTWLOC,PLANQTY,INSPQTY,RCPTQTY,WT,STAT,RGSDE,RGSUSR,UPDDE,UPDUSR)
VALUES ('2018060400001',29,'00003','GM','HDCR','HDCR','GDSI09400072','1201806040000160','12018060400064','*','*','M1011','E1031','Y1011',0,7200,7200,0,'50',now(),'admin',now(),'admin');
INSERT INTO RC_RCPTASGN (RCPTNO,RCPTSN,ASGNNO,DC,BIZ,CLIENT,SKU,LOT,PLTID,CASEID,EAID,INSPLOC,RCMDLOC,PUTWLOC,PLANQTY,INSPQTY,RCPTQTY,WT,STAT,RGSDE,RGSUSR,UPDDE,UPDUSR)
VALUES ('2018060400001',29,'00004','GM','HDCR','HDCR','GDSI09400072','1201806040000160','12018060400065','*','*','M1011','E1031','Y1011',0,7200,7200,0,'50',now(),'admin',now(),'admin');
INSERT INTO RC_RCPTASGN (RCPTNO,RCPTSN,ASGNNO,DC,BIZ,CLIENT,SKU,LOT,PLTID,CASEID,EAID,INSPLOC,RCMDLOC,PUTWLOC,PLANQTY,INSPQTY,RCPTQTY,WT,STAT,RGSDE,RGSUSR,UPDDE,UPDUSR)
VALUES ('2018060400001',29,'00005','GM','HDCR','HDCR','GDSI09400072','1201806040000160','12018060400066','*','*','M1011','E1031','Y1011',0,7200,7200,0,'50',now(),'admin',now(),'admin');
INSERT INTO RC_RCPTASGN (RCPTNO,RCPTSN,ASGNNO,DC,BIZ,CLIENT,SKU,LOT,PLTID,CASEID,EAID,INSPLOC,RCMDLOC,PUTWLOC,PLANQTY,INSPQTY,RCPTQTY,WT,STAT,RGSDE,RGSUSR,UPDDE,UPDUSR)
VALUES ('2018060400001',29,'00006','GM','HDCR','HDCR','GDSI09400072','1201806040000160','12018060400067','*','*','M1011','E1031','Y1011',0,7200,7200,0,'50',now(),'admin',now(),'admin');
INSERT INTO RC_RCPTASGN (RCPTNO,RCPTSN,ASGNNO,DC,BIZ,CLIENT,SKU,LOT,PLTID,CASEID,EAID,INSPLOC,RCMDLOC,PUTWLOC,PLANQTY,INSPQTY,RCPTQTY,WT,STAT,RGSDE,RGSUSR,UPDDE,UPDUSR)
VALUES ('2018060400001',29,'00007','GM','HDCR','HDCR','GDSI09400072','1201806040000160','12018060400068','*','*','M1011','E1031','Y1011',0,7200,7200,0,'50',now(),'admin',now(),'admin');
INSERT INTO RC_RCPTASGN (RCPTNO,RCPTSN,ASGNNO,DC,BIZ,CLIENT,SKU,LOT,PLTID,CASEID,EAID,INSPLOC,RCMDLOC,PUTWLOC,PLANQTY,INSPQTY,RCPTQTY,WT,STAT,RGSDE,RGSUSR,UPDDE,UPDUSR)
VALUES ('2018060400001',29,'00008','GM','HDCR','HDCR','GDSI09400072','1201806040000160','12018060400069','*','*','M1011','E1031','Y1011',0,7200,7200,0,'50',now(),'admin',now(),'admin');
INSERT INTO RC_RCPTASGN (RCPTNO,RCPTSN,ASGNNO,DC,BIZ,CLIENT,SKU,LOT,PLTID,CASEID,EAID,INSPLOC,RCMDLOC,PUTWLOC,PLANQTY,INSPQTY,RCPTQTY,WT,STAT,RGSDE,RGSUSR,UPDDE,UPDUSR)
VALUES ('2018060400001',29,'00009','GM','HDCR','HDCR','GDSI09400072','1201806040000160','12018060400070','*','*','M1011','E1031','*',0,7200,0,0,'10',now(),'admin',now(),'admin');
INSERT INTO RC_RCPTASGN (RCPTNO,RCPTSN,ASGNNO,DC,BIZ,CLIENT,SKU,LOT,PLTID,CASEID,EAID,INSPLOC,RCMDLOC,PUTWLOC,PLANQTY,INSPQTY,RCPTQTY,WT,STAT,RGSDE,RGSUSR,UPDDE,UPDUSR)
VALUES ('2018060400001',29,'00010','GM','HDCR','HDCR','GDSI09400072','1201806040000160','12018060400071','*','*','M1011','E1031','*',0,7200,0,0,'10',now(),'admin',now(),'admin');
INSERT INTO RC_RCPTASGN (RCPTNO,RCPTSN,ASGNNO,DC,BIZ,CLIENT,SKU,LOT,PLTID,CASEID,EAID,INSPLOC,RCMDLOC,PUTWLOC,PLANQTY,INSPQTY,RCPTQTY,WT,STAT,RGSDE,RGSUSR,UPDDE,UPDUSR)
VALUES ('2018060400001',26,'00001','GM','HDCR','HDCR','GDSI00050038','1201806040000170','12018060400072','*','*','M1011','Y1011','Y1011',0,10000,10000,0,'50',now(),'admin',now(),'admin');
INSERT INTO RC_RCPTASGN (RCPTNO,RCPTSN,ASGNNO,DC,BIZ,CLIENT,SKU,LOT,PLTID,CASEID,EAID,INSPLOC,RCMDLOC,PUTWLOC,PLANQTY,INSPQTY,RCPTQTY,WT,STAT,RGSDE,RGSUSR,UPDDE,UPDUSR)
VALUES ('2018060400001',26,'00002','GM','HDCR','HDCR','GDSI00050038','1201806040000170','12018060400073','*','*','M1011','Y1011','Y1011',0,14000,14000,0,'50',now(),'admin',now(),'admin');
INSERT INTO RC_RCPTASGN (RCPTNO,RCPTSN,ASGNNO,DC,BIZ,CLIENT,SKU,LOT,PLTID,CASEID,EAID,INSPLOC,RCMDLOC,PUTWLOC,PLANQTY,INSPQTY,RCPTQTY,WT,STAT,RGSDE,RGSUSR,UPDDE,UPDUSR)
VALUES ('2018060400001',24,'00001','GM','HDCR','HDCR','GDSI06500039','1201806050000010','12018060400074','*','*','M1011','E1031','Y1011',0,16000,16000,0,'50',now(),'admin',now(),'admin');
INSERT INTO RC_RCPTASGN (RCPTNO,RCPTSN,ASGNNO,DC,BIZ,CLIENT,SKU,LOT,PLTID,CASEID,EAID,INSPLOC,RCMDLOC,PUTWLOC,PLANQTY,INSPQTY,RCPTQTY,WT,STAT,RGSDE,RGSUSR,UPDDE,UPDUSR)
VALUES ('2018060400001',24,'00002','GM','HDCR','HDCR','GDSI06500039','1201806050000010','12018060400075','*','*','M1011','E1031','*',0,14000,0,0,'10',now(),'admin',now(),'admin');
INSERT INTO RC_RCPTASGN (RCPTNO,RCPTSN,ASGNNO,DC,BIZ,CLIENT,SKU,LOT,PLTID,CASEID,EAID,INSPLOC,RCMDLOC,PUTWLOC,PLANQTY,INSPQTY,RCPTQTY,WT,STAT,RGSDE,RGSUSR,UPDDE,UPDUSR)
VALUES ('2018060400001',30,'00001','GM','HDCR','HDCR','GDSI00160033','1201806050000020','12018060400076','*','*','M1011','E1031','Y1011',0,24000,24000,0,'50',now(),'admin',now(),'admin');
INSERT INTO RC_RCPTASGN (RCPTNO,RCPTSN,ASGNNO,DC,BIZ,CLIENT,SKU,LOT,PLTID,CASEID,EAID,INSPLOC,RCMDLOC,PUTWLOC,PLANQTY,INSPQTY,RCPTQTY,WT,STAT,RGSDE,RGSUSR,UPDDE,UPDUSR)
VALUES ('2018060400001',30,'00002','GM','HDCR','HDCR','GDSI00160033','1201806050000020','12018060400077','*','*','M1011','E1031','Y1011',0,24000,24000,0,'50',now(),'admin',now(),'admin');
INSERT INTO RC_RCPTASGN (RCPTNO,RCPTSN,ASGNNO,DC,BIZ,CLIENT,SKU,LOT,PLTID,CASEID,EAID,INSPLOC,RCMDLOC,PUTWLOC,PLANQTY,INSPQTY,RCPTQTY,WT,STAT,RGSDE,RGSUSR,UPDDE,UPDUSR)
VALUES ('2018060400001',30,'00003','GM','HDCR','HDCR','GDSI00160033','1201806050000020','12018060400078','*','*','M1011','E1031','*',0,12000,0,0,'10',now(),'admin',now(),'admin');
INSERT INTO RC_RCPTASGN (RCPTNO,RCPTSN,ASGNNO,DC,BIZ,CLIENT,SKU,LOT,PLTID,CASEID,EAID,INSPLOC,RCMDLOC,PUTWLOC,PLANQTY,INSPQTY,RCPTQTY,WT,STAT,RGSDE,RGSUSR,UPDDE,UPDUSR)
VALUES ('2018060400001',28,'00001','GM','HDCR','HDCR','GDSI04300001','1201806050000030','12018060400079','*','*','M1011','A2042','*',0,18000,0,0,'10',now(),'admin',now(),'admin');
INSERT INTO RC_RCPTASGN (RCPTNO,RCPTSN,ASGNNO,DC,BIZ,CLIENT,SKU,LOT,PLTID,CASEID,EAID,INSPLOC,RCMDLOC,PUTWLOC,PLANQTY,INSPQTY,RCPTQTY,WT,STAT,RGSDE,RGSUSR,UPDDE,UPDUSR)
VALUES ('2018060400001',28,'00002','GM','HDCR','HDCR','GDSI04300001','1201806050000030','12018060400080','*','*','M1011','A2042','Y1011',0,12000,12000,0,'50',now(),'admin',now(),'admin');
INSERT INTO RC_RCPTASGN (RCPTNO,RCPTSN,ASGNNO,DC,BIZ,CLIENT,SKU,LOT,PLTID,CASEID,EAID,INSPLOC,RCMDLOC,PUTWLOC,PLANQTY,INSPQTY,RCPTQTY,WT,STAT,RGSDE,RGSUSR,UPDDE,UPDUSR)
VALUES ('2018060400001',28,'00003','GM','HDCR','HDCR','GDSI04300001','1201806050000030','12018060400081','*','*','M1011','A2042','Y1011',0,4000,4000,0,'50',now(),'admin',now(),'admin');
INSERT INTO RC_RCPTASGN (RCPTNO,RCPTSN,ASGNNO,DC,BIZ,CLIENT,SKU,LOT,PLTID,CASEID,EAID,INSPLOC,RCMDLOC,PUTWLOC,PLANQTY,INSPQTY,RCPTQTY,WT,STAT,RGSDE,RGSUSR,UPDDE,UPDUSR)
VALUES ('2018060500007',1,'00001','GM','HDCR','HDCR','OBTE00222501','1201806050000440','12018060500063','*','*','M1011','M1011','M1011',0,88560,88560,0,'50',now(),'admin',now(),'admin');
INSERT INTO RC_RCPTASGN (RCPTNO,RCPTSN,ASGNNO,DC,BIZ,CLIENT,SKU,LOT,PLTID,CASEID,EAID,INSPLOC,RCMDLOC,PUTWLOC,PLANQTY,INSPQTY,RCPTQTY,WT,STAT,RGSDE,RGSUSR,UPDDE,UPDUSR)
VALUES ('2018060500007',2,'00001','GM','HDCR','HDCR','OBTE00782301','1201806050000450','12018060500064','*','*','M1011','M1011','M1011',0,86130,86130,0,'50',now(),'admin',now(),'admin');
INSERT INTO RC_RCPTASGN (RCPTNO,RCPTSN,ASGNNO,DC,BIZ,CLIENT,SKU,LOT,PLTID,CASEID,EAID,INSPLOC,RCMDLOC,PUTWLOC,PLANQTY,INSPQTY,RCPTQTY,WT,STAT,RGSDE,RGSUSR,UPDDE,UPDUSR)
VALUES ('2018060500007',3,'00001','GM','HDCR','HDCR','OBTE00662301','1201806050000460','12018060500065','*','*','M1011','M1011','M1011',0,9570,9570,0,'50',now(),'admin',now(),'admin');
INSERT INTO RC_RCPTASGN (RCPTNO,RCPTSN,ASGNNO,DC,BIZ,CLIENT,SKU,LOT,PLTID,CASEID,EAID,INSPLOC,RCMDLOC,PUTWLOC,PLANQTY,INSPQTY,RCPTQTY,WT,STAT,RGSDE,RGSUSR,UPDDE,UPDUSR)
VALUES ('2018060500007',4,'00001','GM','HDCR','HDCR','OSOE05002501','1201806050000470','12018060500066','*','*','M1011','C2031','C2031',0,17670,17670,0,'50',now(),'admin',now(),'admin');
INSERT INTO RC_RCPTASGN (RCPTNO,RCPTSN,ASGNNO,DC,BIZ,CLIENT,SKU,LOT,PLTID,CASEID,EAID,INSPLOC,RCMDLOC,PUTWLOC,PLANQTY,INSPQTY,RCPTQTY,WT,STAT,RGSDE,RGSUSR,UPDDE,UPDUSR)
VALUES ('2018060500005',1,'00001','GM','HDCR','HDCR','OGPR05200012','1201806050000380','12018060500057','*','*','M1011','L1012','L1012',0,33500,33500,0,'50',now(),'admin',now(),'admin');
INSERT INTO RC_RCPTASGN (RCPTNO,RCPTSN,ASGNNO,DC,BIZ,CLIENT,SKU,LOT,PLTID,CASEID,EAID,INSPLOC,RCMDLOC,PUTWLOC,PLANQTY,INSPQTY,RCPTQTY,WT,STAT,RGSDE,RGSUSR,UPDDE,UPDUSR)
VALUES ('2018060500005',2,'00001','GM','HDCR','HDCR','OGPR15500019','1201806050000390','12018060500058','*','*','M1011','C2021','C2021',0,32300,32300,0,'50',now(),'admin',now(),'admin');
INSERT INTO RC_RCPTASGN (RCPTNO,RCPTSN,ASGNNO,DC,BIZ,CLIENT,SKU,LOT,PLTID,CASEID,EAID,INSPLOC,RCMDLOC,PUTWLOC,PLANQTY,INSPQTY,RCPTQTY,WT,STAT,RGSDE,RGSUSR,UPDDE,UPDUSR)
VALUES ('2018060500005',3,'00001','GM','HDCR','HDCR','RGCO06700006','1201806050000400','12018060500059','*','*','M1011','C2021','C2021',0,31500,31500,0,'50',now(),'admin',now(),'admin');
INSERT INTO RC_RCPTASGN (RCPTNO,RCPTSN,ASGNNO,DC,BIZ,CLIENT,SKU,LOT,PLTID,CASEID,EAID,INSPLOC,RCMDLOC,PUTWLOC,PLANQTY,INSPQTY,RCPTQTY,WT,STAT,RGSDE,RGSUSR,UPDDE,UPDUSR)
VALUES ('2018060500005',4,'00001','GM','HDCR','HDCR','DDAA06700002','1201806050000410','12018060500060','*','*','M1011','C2021','C2021',0,40000,40000,0,'50',now(),'admin',now(),'admin');
INSERT INTO RC_RCPTASGN (RCPTNO,RCPTSN,ASGNNO,DC,BIZ,CLIENT,SKU,LOT,PLTID,CASEID,EAID,INSPLOC,RCMDLOC,PUTWLOC,PLANQTY,INSPQTY,RCPTQTY,WT,STAT,RGSDE,RGSUSR,UPDDE,UPDUSR)
VALUES ('2018060500005',5,'00001','GM','HDCR','HDCR','RGCO06700007','1201806050000420','12018060500061','*','*','M1011','C2021','C2021',0,31500,31500,0,'50',now(),'admin',now(),'admin');
INSERT INTO RC_RCPTASGN (RCPTNO,RCPTSN,ASGNNO,DC,BIZ,CLIENT,SKU,LOT,PLTID,CASEID,EAID,INSPLOC,RCMDLOC,PUTWLOC,PLANQTY,INSPQTY,RCPTQTY,WT,STAT,RGSDE,RGSUSR,UPDDE,UPDUSR)
VALUES ('2018060500005',6,'00001','GM','HDCR','HDCR','DDAA06700003','1201806050000430','12018060500062','*','*','M1011','C2021','C2021',0,15000,15000,0,'50',now(),'admin',now(),'admin');
INSERT INTO RC_RCPTASGN (RCPTNO,RCPTSN,ASGNNO,DC,BIZ,CLIENT,SKU,LOT,PLTID,CASEID,EAID,INSPLOC,RCMDLOC,PUTWLOC,PLANQTY,INSPQTY,RCPTQTY,WT,STAT,RGSDE,RGSUSR,UPDDE,UPDUSR)
VALUES ('2018060500002',1,'00001','GM','HDCR','HDCR','OGPR00050026','1201806050000320','12018060500040','*','*','M1011','L2041','L2041',0,500000,500000,0,'50',now(),'admin',now(),'admin');
INSERT INTO RC_RCPTASGN (RCPTNO,RCPTSN,ASGNNO,DC,BIZ,CLIENT,SKU,LOT,PLTID,CASEID,EAID,INSPLOC,RCMDLOC,PUTWLOC,PLANQTY,INSPQTY,RCPTQTY,WT,STAT,RGSDE,RGSUSR,UPDDE,UPDUSR)
VALUES ('2018060500002',2,'00001','GM','HDCR','HDCR','OGPR00160001','1201806050000330','12018060500041','*','*','M1011','L2041','L2041',0,51000,51000,0,'50',now(),'admin',now(),'admin');
INSERT INTO RC_RCPTASGN (RCPTNO,RCPTSN,ASGNNO,DC,BIZ,CLIENT,SKU,LOT,PLTID,CASEID,EAID,INSPLOC,RCMDLOC,PUTWLOC,PLANQTY,INSPQTY,RCPTQTY,WT,STAT,RGSDE,RGSUSR,UPDDE,UPDUSR)
VALUES ('2018060500002',3,'00001','GM','HDCR','HDCR','OGPR15500004','1201806050000340','12018060500042','*','*','M1011','L2041','L2041',0,27600,27600,0,'50',now(),'admin',now(),'admin');
INSERT INTO RC_RCPTASGN (RCPTNO,RCPTSN,ASGNNO,DC,BIZ,CLIENT,SKU,LOT,PLTID,CASEID,EAID,INSPLOC,RCMDLOC,PUTWLOC,PLANQTY,INSPQTY,RCPTQTY,WT,STAT,RGSDE,RGSUSR,UPDDE,UPDUSR)
VALUES ('2018060100001',11,'00001','GM','HDCR','HDCR','GDDO05000001','1201806010000030','12018060100004','*','*','M1011','B2071','Y1011',0,10000,10000,0,'50',now(),'admin',now(),'admin');
INSERT INTO RC_RCPTASGN (RCPTNO,RCPTSN,ASGNNO,DC,BIZ,CLIENT,SKU,LOT,PLTID,CASEID,EAID,INSPLOC,RCMDLOC,PUTWLOC,PLANQTY,INSPQTY,RCPTQTY,WT,STAT,RGSDE,RGSUSR,UPDDE,UPDUSR)
VALUES ('2018060100001',11,'00002','GM','HDCR','HDCR','GDDO05000001','1201806010000030','12018060100005','*','*','M1011','B2071','Y1011',0,10000,10000,0,'50',now(),'admin',now(),'admin');
INSERT INTO RC_RCPTASGN (RCPTNO,RCPTSN,ASGNNO,DC,BIZ,CLIENT,SKU,LOT,PLTID,CASEID,EAID,INSPLOC,RCMDLOC,PUTWLOC,PLANQTY,INSPQTY,RCPTQTY,WT,STAT,RGSDE,RGSUSR,UPDDE,UPDUSR)
VALUES ('2018060100001',11,'00003','GM','HDCR','HDCR','GDDO05000001','1201806010000030','12018060100006','*','*','M1011','B2071','Y1011',0,10000,10000,0,'50',now(),'admin',now(),'admin');
INSERT INTO RC_RCPTASGN (RCPTNO,RCPTSN,ASGNNO,DC,BIZ,CLIENT,SKU,LOT,PLTID,CASEID,EAID,INSPLOC,RCMDLOC,PUTWLOC,PLANQTY,INSPQTY,RCPTQTY,WT,STAT,RGSDE,RGSUSR,UPDDE,UPDUSR)
VALUES ('2018060100001',11,'00004','GM','HDCR','HDCR','GDDO05000001','1201806010000030','12018060100007','*','*','M1011','B2071','Y1011',0,10000,10000,0,'50',now(),'admin',now(),'admin');
INSERT INTO RC_RCPTASGN (RCPTNO,RCPTSN,ASGNNO,DC,BIZ,CLIENT,SKU,LOT,PLTID,CASEID,EAID,INSPLOC,RCMDLOC,PUTWLOC,PLANQTY,INSPQTY,RCPTQTY,WT,STAT,RGSDE,RGSUSR,UPDDE,UPDUSR)
VALUES ('2018060100001',11,'00005','GM','HDCR','HDCR','GDDO05000001','1201806010000030','12018060100008','*','*','M1011','B2071','Y1011',0,10000,10000,0,'50',now(),'admin',now(),'admin');
INSERT INTO RC_RCPTASGN (RCPTNO,RCPTSN,ASGNNO,DC,BIZ,CLIENT,SKU,LOT,PLTID,CASEID,EAID,INSPLOC,RCMDLOC,PUTWLOC,PLANQTY,INSPQTY,RCPTQTY,WT,STAT,RGSDE,RGSUSR,UPDDE,UPDUSR)
VALUES ('2018060100001',11,'00006','GM','HDCR','HDCR','GDDO05000001','1201806010000030','12018060100009','*','*','M1011','B2071','Y1011',0,10000,10000,0,'50',now(),'admin',now(),'admin');
INSERT INTO RC_RCPTASGN (RCPTNO,RCPTSN,ASGNNO,DC,BIZ,CLIENT,SKU,LOT,PLTID,CASEID,EAID,INSPLOC,RCMDLOC,PUTWLOC,PLANQTY,INSPQTY,RCPTQTY,WT,STAT,RGSDE,RGSUSR,UPDDE,UPDUSR)
VALUES ('2018060100001',11,'00007','GM','HDCR','HDCR','GDDO05000001','1201806010000030','12018060100010','*','*','M1011','B2071','Y1011',0,10000,10000,0,'50',now(),'admin',now(),'admin');
INSERT INTO RC_RCPTASGN (RCPTNO,RCPTSN,ASGNNO,DC,BIZ,CLIENT,SKU,LOT,PLTID,CASEID,EAID,INSPLOC,RCMDLOC,PUTWLOC,PLANQTY,INSPQTY,RCPTQTY,WT,STAT,RGSDE,RGSUSR,UPDDE,UPDUSR)
VALUES ('2018060100001',11,'00008','GM','HDCR','HDCR','GDDO05000001','1201806010000030','12018060100011','*','*','M1011','B2071','Y1011',0,4000,4000,0,'50',now(),'admin',now(),'admin');
INSERT INTO RC_RCPTASGN (RCPTNO,RCPTSN,ASGNNO,DC,BIZ,CLIENT,SKU,LOT,PLTID,CASEID,EAID,INSPLOC,RCMDLOC,PUTWLOC,PLANQTY,INSPQTY,RCPTQTY,WT,STAT,RGSDE,RGSUSR,UPDDE,UPDUSR)
VALUES ('2018053100005',1,'00001','GM','HDCR','HDCR','DDPL00160009','1201806010000040','12018053100107','*','*','M1011','Y1011','Y1011',0,30000,30000,0,'50',now(),'admin',now(),'admin');
INSERT INTO RC_RCPTASGN (RCPTNO,RCPTSN,ASGNNO,DC,BIZ,CLIENT,SKU,LOT,PLTID,CASEID,EAID,INSPLOC,RCMDLOC,PUTWLOC,PLANQTY,INSPQTY,RCPTQTY,WT,STAT,RGSDE,RGSUSR,UPDDE,UPDUSR)
VALUES ('2018060100001',10,'00001','GM','HDCR','HDCR','GDSI09400072','1201806010000050','12018060100012','*','*','M1011','E1011','Y1011',0,7200,7200,0,'50',now(),'admin',now(),'admin');
INSERT INTO RC_RCPTASGN (RCPTNO,RCPTSN,ASGNNO,DC,BIZ,CLIENT,SKU,LOT,PLTID,CASEID,EAID,INSPLOC,RCMDLOC,PUTWLOC,PLANQTY,INSPQTY,RCPTQTY,WT,STAT,RGSDE,RGSUSR,UPDDE,UPDUSR)
VALUES ('2018060100001',10,'00002','GM','HDCR','HDCR','GDSI09400072','1201806010000050','12018060100013','*','*','M1011','E1011','Y1011',0,7200,7200,0,'50',now(),'admin',now(),'admin');
INSERT INTO RC_RCPTASGN (RCPTNO,RCPTSN,ASGNNO,DC,BIZ,CLIENT,SKU,LOT,PLTID,CASEID,EAID,INSPLOC,RCMDLOC,PUTWLOC,PLANQTY,INSPQTY,RCPTQTY,WT,STAT,RGSDE,RGSUSR,UPDDE,UPDUSR)
VALUES ('2018060100001',10,'00003','GM','HDCR','HDCR','GDSI09400072','1201806010000050','12018060100014','*','*','M1011','E1011','Y1011',0,7200,7200,0,'50',now(),'admin',now(),'admin');
INSERT INTO RC_RCPTASGN (RCPTNO,RCPTSN,ASGNNO,DC,BIZ,CLIENT,SKU,LOT,PLTID,CASEID,EAID,INSPLOC,RCMDLOC,PUTWLOC,PLANQTY,INSPQTY,RCPTQTY,WT,STAT,RGSDE,RGSUSR,UPDDE,UPDUSR)
VALUES ('2018060100001',10,'00004','GM','HDCR','HDCR','GDSI09400072','1201806010000050','12018060100015','*','*','M1011','E1011','Y1011',0,7200,7200,0,'50',now(),'admin',now(),'admin');
INSERT INTO RC_RCPTASGN (RCPTNO,RCPTSN,ASGNNO,DC,BIZ,CLIENT,SKU,LOT,PLTID,CASEID,EAID,INSPLOC,RCMDLOC,PUTWLOC,PLANQTY,INSPQTY,RCPTQTY,WT,STAT,RGSDE,RGSUSR,UPDDE,UPDUSR)
VALUES ('2018060100001',10,'00005','GM','HDCR','HDCR','GDSI09400072','1201806010000050','12018060100016','*','*','M1011','E1011','Y1011',0,7200,7200,0,'50',now(),'admin',now(),'admin');
INSERT INTO RC_RCPTASGN (RCPTNO,RCPTSN,ASGNNO,DC,BIZ,CLIENT,SKU,LOT,PLTID,CASEID,EAID,INSPLOC,RCMDLOC,PUTWLOC,PLANQTY,INSPQTY,RCPTQTY,WT,STAT,RGSDE,RGSUSR,UPDDE,UPDUSR)
VALUES ('2018060100001',10,'00006','GM','HDCR','HDCR','GDSI09400072','1201806010000050','12018060100017','*','*','M1011','E1011','Y1011',0,7200,7200,0,'50',now(),'admin',now(),'admin');
INSERT INTO RC_RCPTASGN (RCPTNO,RCPTSN,ASGNNO,DC,BIZ,CLIENT,SKU,LOT,PLTID,CASEID,EAID,INSPLOC,RCMDLOC,PUTWLOC,PLANQTY,INSPQTY,RCPTQTY,WT,STAT,RGSDE,RGSUSR,UPDDE,UPDUSR)
VALUES ('2018060100001',10,'00007','GM','HDCR','HDCR','GDSI09400072','1201806010000050','12018060100018','*','*','M1011','E1011','Y1011',0,7200,7200,0,'50',now(),'admin',now(),'admin');
INSERT INTO RC_RCPTASGN (RCPTNO,RCPTSN,ASGNNO,DC,BIZ,CLIENT,SKU,LOT,PLTID,CASEID,EAID,INSPLOC,RCMDLOC,PUTWLOC,PLANQTY,INSPQTY,RCPTQTY,WT,STAT,RGSDE,RGSUSR,UPDDE,UPDUSR)
VALUES ('2018060100001',10,'00008','GM','HDCR','HDCR','GDSI09400072','1201806010000050','12018060100019','*','*','M1011','E1011','*',0,7200,0,0,'10',now(),'admin',now(),'admin');
INSERT INTO RC_RCPTASGN (RCPTNO,RCPTSN,ASGNNO,DC,BIZ,CLIENT,SKU,LOT,PLTID,CASEID,EAID,INSPLOC,RCMDLOC,PUTWLOC,PLANQTY,INSPQTY,RCPTQTY,WT,STAT,RGSDE,RGSUSR,UPDDE,UPDUSR)
VALUES ('2018060100001',10,'00009','GM','HDCR','HDCR','GDSI09400072','1201806010000050','12018060100020','*','*','M1011','E1011','*',0,7200,0,0,'10',now(),'admin',now(),'admin');
INSERT INTO RC_RCPTASGN (RCPTNO,RCPTSN,ASGNNO,DC,BIZ,CLIENT,SKU,LOT,PLTID,CASEID,EAID,INSPLOC,RCMDLOC,PUTWLOC,PLANQTY,INSPQTY,RCPTQTY,WT,STAT,RGSDE,RGSUSR,UPDDE,UPDUSR)
VALUES ('2018060100001',10,'00010','GM','HDCR','HDCR','GDSI09400072','1201806010000050','12018060100021','*','*','M1011','E1011','*',0,7200,0,0,'10',now(),'admin',now(),'admin');
INSERT INTO RC_RCPTASGN (RCPTNO,RCPTSN,ASGNNO,DC,BIZ,CLIENT,SKU,LOT,PLTID,CASEID,EAID,INSPLOC,RCMDLOC,PUTWLOC,PLANQTY,INSPQTY,RCPTQTY,WT,STAT,RGSDE,RGSUSR,UPDDE,UPDUSR)
VALUES ('2018060100001',8,'00001','GM','HDCR','HDCR','GDSI00130240','1201806010000060','12018060100022','*','*','M1011','B2071','Y1011',0,24000,24000,0,'50',now(),'admin',now(),'admin');
INSERT INTO RC_RCPTASGN (RCPTNO,RCPTSN,ASGNNO,DC,BIZ,CLIENT,SKU,LOT,PLTID,CASEID,EAID,INSPLOC,RCMDLOC,PUTWLOC,PLANQTY,INSPQTY,RCPTQTY,WT,STAT,RGSDE,RGSUSR,UPDDE,UPDUSR)
VALUES ('2018060100001',8,'00002','GM','HDCR','HDCR','GDSI00130240','1201806010000060','12018060100023','*','*','M1011','A2042','*',0,16000,0,0,'10',now(),'admin',now(),'admin');
INSERT INTO RC_RCPTASGN (RCPTNO,RCPTSN,ASGNNO,DC,BIZ,CLIENT,SKU,LOT,PLTID,CASEID,EAID,INSPLOC,RCMDLOC,PUTWLOC,PLANQTY,INSPQTY,RCPTQTY,WT,STAT,RGSDE,RGSUSR,UPDDE,UPDUSR)
VALUES ('2018060100001',8,'00003','GM','HDCR','HDCR','GDSI00130240','1201806010000060','12018060100024','*','*','M1011','B2071','Y1011',0,8000,8000,0,'50',now(),'admin',now(),'admin');
INSERT INTO RC_RCPTASGN (RCPTNO,RCPTSN,ASGNNO,DC,BIZ,CLIENT,SKU,LOT,PLTID,CASEID,EAID,INSPLOC,RCMDLOC,PUTWLOC,PLANQTY,INSPQTY,RCPTQTY,WT,STAT,RGSDE,RGSUSR,UPDDE,UPDUSR)
VALUES ('2018060100001',9,'00001','GM','HDCR','HDCR','GDSI00220070','1201806010000070','12018060100025','*','*','M1011','B2071','Y1011',0,22680,22680,0,'50',now(),'admin',now(),'admin');
INSERT INTO RC_RCPTASGN (RCPTNO,RCPTSN,ASGNNO,DC,BIZ,CLIENT,SKU,LOT,PLTID,CASEID,EAID,INSPLOC,RCMDLOC,PUTWLOC,PLANQTY,INSPQTY,RCPTQTY,WT,STAT,RGSDE,RGSUSR,UPDDE,UPDUSR)
VALUES ('2018060100001',9,'00002','GM','HDCR','HDCR','GDSI00220070','1201806010000070','12018060100026','*','*','M1011','B2071','Y1011',0,22680,22680,0,'50',now(),'admin',now(),'admin');
INSERT INTO RC_RCPTASGN (RCPTNO,RCPTSN,ASGNNO,DC,BIZ,CLIENT,SKU,LOT,PLTID,CASEID,EAID,INSPLOC,RCMDLOC,PUTWLOC,PLANQTY,INSPQTY,RCPTQTY,WT,STAT,RGSDE,RGSUSR,UPDDE,UPDUSR)
VALUES ('2018060100001',9,'00003','GM','HDCR','HDCR','GDSI00220070','1201806010000070','12018060100027','*','*','M1011','B2071','*',0,22680,0,0,'10',now(),'admin',now(),'admin');
INSERT INTO RC_RCPTASGN (RCPTNO,RCPTSN,ASGNNO,DC,BIZ,CLIENT,SKU,LOT,PLTID,CASEID,EAID,INSPLOC,RCMDLOC,PUTWLOC,PLANQTY,INSPQTY,RCPTQTY,WT,STAT,RGSDE,RGSUSR,UPDDE,UPDUSR)
VALUES ('2018060100001',9,'00004','GM','HDCR','HDCR','GDSI00220070','1201806010000070','12018060100028','*','*','M1011','B2071','*',0,7560,0,0,'10',now(),'admin',now(),'admin');
INSERT INTO RC_RCPTASGN (RCPTNO,RCPTSN,ASGNNO,DC,BIZ,CLIENT,SKU,LOT,PLTID,CASEID,EAID,INSPLOC,RCMDLOC,PUTWLOC,PLANQTY,INSPQTY,RCPTQTY,WT,STAT,RGSDE,RGSUSR,UPDDE,UPDUSR)
VALUES ('2018060100001',9,'00005','GM','HDCR','HDCR','GDSI00220070','1201806010000070','12018060100029','*','*','M1011','B2071','Y1011',0,15120,15120,0,'50',now(),'admin',now(),'admin');
INSERT INTO RC_RCPTASGN (RCPTNO,RCPTSN,ASGNNO,DC,BIZ,CLIENT,SKU,LOT,PLTID,CASEID,EAID,INSPLOC,RCMDLOC,PUTWLOC,PLANQTY,INSPQTY,RCPTQTY,WT,STAT,RGSDE,RGSUSR,UPDDE,UPDUSR)
VALUES ('2018060100001',2,'00004','GM','HDCR','HDCR','GDSI00180083','1201805310000280','12018060100030','*','*','M1011','E1011','Y1011',0,10000,10000,0,'50',now(),'admin',now(),'admin');
INSERT INTO RC_RCPTASGN (RCPTNO,RCPTSN,ASGNNO,DC,BIZ,CLIENT,SKU,LOT,PLTID,CASEID,EAID,INSPLOC,RCMDLOC,PUTWLOC,PLANQTY,INSPQTY,RCPTQTY,WT,STAT,RGSDE,RGSUSR,UPDDE,UPDUSR)
VALUES ('2018060100001',5,'00001','GM','HDCR','HDCR','GDSI00160008','1201806010000080','12018060100031','*','*','M1011','B2071','Y1011',0,24000,24000,0,'50',now(),'admin',now(),'admin');
INSERT INTO RC_RCPTASGN (RCPTNO,RCPTSN,ASGNNO,DC,BIZ,CLIENT,SKU,LOT,PLTID,CASEID,EAID,INSPLOC,RCMDLOC,PUTWLOC,PLANQTY,INSPQTY,RCPTQTY,WT,STAT,RGSDE,RGSUSR,UPDDE,UPDUSR)
VALUES ('2018060100001',5,'00002','GM','HDCR','HDCR','GDSI00160008','1201806010000080','12018060100032','*','*','M1011','B2071','*',0,16000,0,0,'10',now(),'admin',now(),'admin');
INSERT INTO RC_RCPTASGN (RCPTNO,RCPTSN,ASGNNO,DC,BIZ,CLIENT,SKU,LOT,PLTID,CASEID,EAID,INSPLOC,RCMDLOC,PUTWLOC,PLANQTY,INSPQTY,RCPTQTY,WT,STAT,RGSDE,RGSUSR,UPDDE,UPDUSR)
VALUES ('2018060100001',5,'00003','GM','HDCR','HDCR','GDSI00160008','1201806010000080','12018060100033','*','*','M1011','B2071','Y1011',0,18000,18000,0,'50',now(),'admin',now(),'admin');
INSERT INTO RC_RCPTASGN (RCPTNO,RCPTSN,ASGNNO,DC,BIZ,CLIENT,SKU,LOT,PLTID,CASEID,EAID,INSPLOC,RCMDLOC,PUTWLOC,PLANQTY,INSPQTY,RCPTQTY,WT,STAT,RGSDE,RGSUSR,UPDDE,UPDUSR)
VALUES ('2018060100001',15,'00001','GM','HDCR','HDCR','GDSI06500039','1201806010000090','12018060100034','*','*','M1011','E1011','Y1011',0,16000,16000,0,'50',now(),'admin',now(),'admin');
INSERT INTO RC_RCPTASGN (RCPTNO,RCPTSN,ASGNNO,DC,BIZ,CLIENT,SKU,LOT,PLTID,CASEID,EAID,INSPLOC,RCMDLOC,PUTWLOC,PLANQTY,INSPQTY,RCPTQTY,WT,STAT,RGSDE,RGSUSR,UPDDE,UPDUSR)
VALUES ('2018060100001',15,'00002','GM','HDCR','HDCR','GDSI06500039','1201806010000090','12018060100035','*','*','M1011','E1091','*',0,14000,0,0,'10',now(),'admin',now(),'admin');
INSERT INTO RC_RCPTASGN (RCPTNO,RCPTSN,ASGNNO,DC,BIZ,CLIENT,SKU,LOT,PLTID,CASEID,EAID,INSPLOC,RCMDLOC,PUTWLOC,PLANQTY,INSPQTY,RCPTQTY,WT,STAT,RGSDE,RGSUSR,UPDDE,UPDUSR)
VALUES ('2018060100001',14,'00001','GM','HDCR','HDCR','GDSI01370009','1201806010000100','12018060100036','*','*','M1011','B2071','Y1011',0,5400,5400,0,'50',now(),'admin',now(),'admin');
INSERT INTO RC_RCPTASGN (RCPTNO,RCPTSN,ASGNNO,DC,BIZ,CLIENT,SKU,LOT,PLTID,CASEID,EAID,INSPLOC,RCMDLOC,PUTWLOC,PLANQTY,INSPQTY,RCPTQTY,WT,STAT,RGSDE,RGSUSR,UPDDE,UPDUSR)
VALUES ('2018060100001',14,'00002','GM','HDCR','HDCR','GDSI01370009','1201806010000100','12018060100037','*','*','M1011','B2071','Y1011',0,5400,5400,0,'50',now(),'admin',now(),'admin');
INSERT INTO RC_RCPTASGN (RCPTNO,RCPTSN,ASGNNO,DC,BIZ,CLIENT,SKU,LOT,PLTID,CASEID,EAID,INSPLOC,RCMDLOC,PUTWLOC,PLANQTY,INSPQTY,RCPTQTY,WT,STAT,RGSDE,RGSUSR,UPDDE,UPDUSR)
VALUES ('2018060100001',14,'00003','GM','HDCR','HDCR','GDSI01370009','1201806010000100','12018060100038','*','*','M1011','B2071','*',0,5200,0,0,'10',now(),'admin',now(),'admin');
INSERT INTO RC_RCPTASGN (RCPTNO,RCPTSN,ASGNNO,DC,BIZ,CLIENT,SKU,LOT,PLTID,CASEID,EAID,INSPLOC,RCMDLOC,PUTWLOC,PLANQTY,INSPQTY,RCPTQTY,WT,STAT,RGSDE,RGSUSR,UPDDE,UPDUSR)
VALUES ('2018060100001',17,'00001','GM','HDCR','HDCR','GDSI00050019','1201806010000110','12018060100039','*','*','M1011','B2071','Y1011',0,31000,31000,0,'50',now(),'admin',now(),'admin');
INSERT INTO RC_RCPTASGN (RCPTNO,RCPTSN,ASGNNO,DC,BIZ,CLIENT,SKU,LOT,PLTID,CASEID,EAID,INSPLOC,RCMDLOC,PUTWLOC,PLANQTY,INSPQTY,RCPTQTY,WT,STAT,RGSDE,RGSUSR,UPDDE,UPDUSR)
VALUES ('2018060100001',19,'00001','GM','HDCR','HDCR','GDSI04300001','1201806010000240','12018060100040','*','*','M1011','C2011','*',0,18000,0,0,'10',now(),'admin',now(),'admin');
INSERT INTO RC_RCPTASGN (RCPTNO,RCPTSN,ASGNNO,DC,BIZ,CLIENT,SKU,LOT,PLTID,CASEID,EAID,INSPLOC,RCMDLOC,PUTWLOC,PLANQTY,INSPQTY,RCPTQTY,WT,STAT,RGSDE,RGSUSR,UPDDE,UPDUSR)
VALUES ('2018060100001',19,'00002','GM','HDCR','HDCR','GDSI04300001','1201806010000240','12018060100041','*','*','M1011','C2011','*',0,12000,0,0,'10',now(),'admin',now(),'admin');
INSERT INTO RC_RCPTASGN (RCPTNO,RCPTSN,ASGNNO,DC,BIZ,CLIENT,SKU,LOT,PLTID,CASEID,EAID,INSPLOC,RCMDLOC,PUTWLOC,PLANQTY,INSPQTY,RCPTQTY,WT,STAT,RGSDE,RGSUSR,UPDDE,UPDUSR)
VALUES ('2018060100001',19,'00003','GM','HDCR','HDCR','GDSI04300001','1201806010000240','12018060100042','*','*','M1011','C2011','Y1011',0,8000,8000,0,'50',now(),'admin',now(),'admin');
INSERT INTO RC_RCPTASGN (RCPTNO,RCPTSN,ASGNNO,DC,BIZ,CLIENT,SKU,LOT,PLTID,CASEID,EAID,INSPLOC,RCMDLOC,PUTWLOC,PLANQTY,INSPQTY,RCPTQTY,WT,STAT,RGSDE,RGSUSR,UPDDE,UPDUSR)
VALUES ('2018053100001',25,'00004','GM','HDCR','HDCR','GDSI06700006','1201805310000270','12018053100124','*','*','M1011','C2011','Y1011',0,1680,1680,0,'50',now(),'admin',now(),'admin');
INSERT INTO RC_RCPTASGN (RCPTNO,RCPTSN,ASGNNO,DC,BIZ,CLIENT,SKU,LOT,PLTID,CASEID,EAID,INSPLOC,RCMDLOC,PUTWLOC,PLANQTY,INSPQTY,RCPTQTY,WT,STAT,RGSDE,RGSUSR,UPDDE,UPDUSR)
VALUES ('2018060100001',6,'00001','GM','HDCR','HDCR','GDSIW0120096','1201806010000250','12018060100043','*','*','M1011','C2011','Y1011',0,24000,24000,0,'50',now(),'admin',now(),'admin');
INSERT INTO RC_RCPTASGN (RCPTNO,RCPTSN,ASGNNO,DC,BIZ,CLIENT,SKU,LOT,PLTID,CASEID,EAID,INSPLOC,RCMDLOC,PUTWLOC,PLANQTY,INSPQTY,RCPTQTY,WT,STAT,RGSDE,RGSUSR,UPDDE,UPDUSR)
VALUES ('2018060100001',6,'00002','GM','HDCR','HDCR','GDSIW0120096','1201806010000250','12018060100044','*','*','M1011','C2011','Y1011',0,24000,24000,0,'50',now(),'admin',now(),'admin');
INSERT INTO RC_RCPTASGN (RCPTNO,RCPTSN,ASGNNO,DC,BIZ,CLIENT,SKU,LOT,PLTID,CASEID,EAID,INSPLOC,RCMDLOC,PUTWLOC,PLANQTY,INSPQTY,RCPTQTY,WT,STAT,RGSDE,RGSUSR,UPDDE,UPDUSR)
VALUES ('2018060100001',6,'00003','GM','HDCR','HDCR','GDSIW0120096','1201806010000250','12018060100045','*','*','M1011','C2011','*',0,22000,0,0,'10',now(),'admin',now(),'admin');
INSERT INTO RC_RCPTASGN (RCPTNO,RCPTSN,ASGNNO,DC,BIZ,CLIENT,SKU,LOT,PLTID,CASEID,EAID,INSPLOC,RCMDLOC,PUTWLOC,PLANQTY,INSPQTY,RCPTQTY,WT,STAT,RGSDE,RGSUSR,UPDDE,UPDUSR)
VALUES ('2018060100001',12,'00001','GM','HDCR','HDCR','GDSI03500018','1201806010000260','12018060100046','*','*','M1011','E1091','*',0,10000,0,0,'10',now(),'admin',now(),'admin');
INSERT INTO RC_RCPTASGN (RCPTNO,RCPTSN,ASGNNO,DC,BIZ,CLIENT,SKU,LOT,PLTID,CASEID,EAID,INSPLOC,RCMDLOC,PUTWLOC,PLANQTY,INSPQTY,RCPTQTY,WT,STAT,RGSDE,RGSUSR,UPDDE,UPDUSR)
VALUES ('2018060100001',12,'00002','GM','HDCR','HDCR','GDSI03500018','1201806010000260','12018060100047','*','*','M1011','E1091','Y1011',0,9000,9000,0,'50',now(),'admin',now(),'admin');
INSERT INTO RC_RCPTASGN (RCPTNO,RCPTSN,ASGNNO,DC,BIZ,CLIENT,SKU,LOT,PLTID,CASEID,EAID,INSPLOC,RCMDLOC,PUTWLOC,PLANQTY,INSPQTY,RCPTQTY,WT,STAT,RGSDE,RGSUSR,UPDDE,UPDUSR)
VALUES ('2018060100001',20,'00001','GM','HDCR','HDCR','GDSI00100039','1201806010000270','12018060100048','*','*','M1011','C2011','Y1011',0,24000,24000,0,'50',now(),'admin',now(),'admin');
INSERT INTO RC_RCPTASGN (RCPTNO,RCPTSN,ASGNNO,DC,BIZ,CLIENT,SKU,LOT,PLTID,CASEID,EAID,INSPLOC,RCMDLOC,PUTWLOC,PLANQTY,INSPQTY,RCPTQTY,WT,STAT,RGSDE,RGSUSR,UPDDE,UPDUSR)
VALUES ('2018060100001',20,'00002','GM','HDCR','HDCR','GDSI00100039','1201806010000270','12018060100049','*','*','M1011','A2042','*',0,24000,0,0,'10',now(),'admin',now(),'admin');
INSERT INTO RC_RCPTASGN (RCPTNO,RCPTSN,ASGNNO,DC,BIZ,CLIENT,SKU,LOT,PLTID,CASEID,EAID,INSPLOC,RCMDLOC,PUTWLOC,PLANQTY,INSPQTY,RCPTQTY,WT,STAT,RGSDE,RGSUSR,UPDDE,UPDUSR)
VALUES ('2018060100001',20,'00003','GM','HDCR','HDCR','GDSI00100039','1201806010000270','12018060100050','*','*','M1011','A2042','*',0,7000,0,0,'10',now(),'admin',now(),'admin');
INSERT INTO RC_RCPTASGN (RCPTNO,RCPTSN,ASGNNO,DC,BIZ,CLIENT,SKU,LOT,PLTID,CASEID,EAID,INSPLOC,RCMDLOC,PUTWLOC,PLANQTY,INSPQTY,RCPTQTY,WT,STAT,RGSDE,RGSUSR,UPDDE,UPDUSR)
VALUES ('2018060100001',4,'00001','GM','HDCR','HDCR','GDSI00160037','1201806010000280','12018060100051','*','*','M1011','A2042','*',0,30000,0,0,'10',now(),'admin',now(),'admin');
INSERT INTO RC_RCPTASGN (RCPTNO,RCPTSN,ASGNNO,DC,BIZ,CLIENT,SKU,LOT,PLTID,CASEID,EAID,INSPLOC,RCMDLOC,PUTWLOC,PLANQTY,INSPQTY,RCPTQTY,WT,STAT,RGSDE,RGSUSR,UPDDE,UPDUSR)
VALUES ('2018060100001',4,'00002','GM','HDCR','HDCR','GDSI00160037','1201806010000280','12018060100052','*','*','M1011','C2011','Y1011',0,24000,24000,0,'50',now(),'admin',now(),'admin');
INSERT INTO RC_RCPTASGN (RCPTNO,RCPTSN,ASGNNO,DC,BIZ,CLIENT,SKU,LOT,PLTID,CASEID,EAID,INSPLOC,RCMDLOC,PUTWLOC,PLANQTY,INSPQTY,RCPTQTY,WT,STAT,RGSDE,RGSUSR,UPDDE,UPDUSR)
VALUES ('2018060100001',7,'00001','GM','HDCR','HDCR','GDSI00130197','1201806010000290','12018060100053','*','*','M1011','F1011','Y1011',0,24000,24000,0,'50',now(),'admin',now(),'admin');
INSERT INTO RC_RCPTASGN (RCPTNO,RCPTSN,ASGNNO,DC,BIZ,CLIENT,SKU,LOT,PLTID,CASEID,EAID,INSPLOC,RCMDLOC,PUTWLOC,PLANQTY,INSPQTY,RCPTQTY,WT,STAT,RGSDE,RGSUSR,UPDDE,UPDUSR)
VALUES ('2018060100001',7,'00002','GM','HDCR','HDCR','GDSI00130197','1201806010000290','12018060100054','*','*','M1011','F1011','Y1011',0,6000,6000,0,'50',now(),'admin',now(),'admin');
INSERT INTO RC_RCPTASGN (RCPTNO,RCPTSN,ASGNNO,DC,BIZ,CLIENT,SKU,LOT,PLTID,CASEID,EAID,INSPLOC,RCMDLOC,PUTWLOC,PLANQTY,INSPQTY,RCPTQTY,WT,STAT,RGSDE,RGSUSR,UPDDE,UPDUSR)
VALUES ('2018060100001',2,'00005','GM','HDCR','HDCR','GDSI00180083','1201805310000280','12018060100055','*','*','M1011','E1091','Y1011',0,16000,16000,0,'50',now(),'admin',now(),'admin');
INSERT INTO RC_RCPTASGN (RCPTNO,RCPTSN,ASGNNO,DC,BIZ,CLIENT,SKU,LOT,PLTID,CASEID,EAID,INSPLOC,RCMDLOC,PUTWLOC,PLANQTY,INSPQTY,RCPTQTY,WT,STAT,RGSDE,RGSUSR,UPDDE,UPDUSR)
VALUES ('2018060100001',2,'00006','GM','HDCR','HDCR','GDSI00180083','1201805310000280','12018060100056','*','*','M1011','E1091','Y1011',0,2000,2000,0,'50',now(),'admin',now(),'admin');
INSERT INTO RC_RCPTASGN (RCPTNO,RCPTSN,ASGNNO,DC,BIZ,CLIENT,SKU,LOT,PLTID,CASEID,EAID,INSPLOC,RCMDLOC,PUTWLOC,PLANQTY,INSPQTY,RCPTQTY,WT,STAT,RGSDE,RGSUSR,UPDDE,UPDUSR)
VALUES ('2018060100001',4,'00003','GM','HDCR','HDCR','GDSI00160037','1201806010000280','12018060100057','*','*','M1011','A2042','Y1011',0,6000,6000,0,'50',now(),'admin',now(),'admin');
INSERT INTO RC_RCPTASGN (RCPTNO,RCPTSN,ASGNNO,DC,BIZ,CLIENT,SKU,LOT,PLTID,CASEID,EAID,INSPLOC,RCMDLOC,PUTWLOC,PLANQTY,INSPQTY,RCPTQTY,WT,STAT,RGSDE,RGSUSR,UPDDE,UPDUSR)
VALUES ('2018060100001',15,'00003','GM','HDCR','HDCR','GDSI06500039','1201806010000090','12018060100058','*','*','M1011','E1091','Y1011',0,16000,16000,0,'50',now(),'admin',now(),'admin');
INSERT INTO RC_RCPTASGN (RCPTNO,RCPTSN,ASGNNO,DC,BIZ,CLIENT,SKU,LOT,PLTID,CASEID,EAID,INSPLOC,RCMDLOC,PUTWLOC,PLANQTY,INSPQTY,RCPTQTY,WT,STAT,RGSDE,RGSUSR,UPDDE,UPDUSR)
VALUES ('2018060100001',2,'00007','GM','HDCR','HDCR','GDSI00180083','1201805310000280','12018060100059','*','*','M1011','E1091','Y1011',0,13000,13000,0,'50',now(),'admin',now(),'admin');
INSERT INTO RC_RCPTASGN (RCPTNO,RCPTSN,ASGNNO,DC,BIZ,CLIENT,SKU,LOT,PLTID,CASEID,EAID,INSPLOC,RCMDLOC,PUTWLOC,PLANQTY,INSPQTY,RCPTQTY,WT,STAT,RGSDE,RGSUSR,UPDDE,UPDUSR)
VALUES ('2018060100001',26,'00001','GM','HDCR','HDCR','GDSI01370009','1201806010000300','12018060100060','*','*','M1011','A2042','Y1011',0,5400,5400,0,'50',now(),'admin',now(),'admin');
INSERT INTO RC_RCPTASGN (RCPTNO,RCPTSN,ASGNNO,DC,BIZ,CLIENT,SKU,LOT,PLTID,CASEID,EAID,INSPLOC,RCMDLOC,PUTWLOC,PLANQTY,INSPQTY,RCPTQTY,WT,STAT,RGSDE,RGSUSR,UPDDE,UPDUSR)
VALUES ('2018060100001',26,'00002','GM','HDCR','HDCR','GDSI01370009','1201806010000300','12018060100061','*','*','M1011','A2042','Y1011',0,5400,5400,0,'50',now(),'admin',now(),'admin');
INSERT INTO RC_RCPTASGN (RCPTNO,RCPTSN,ASGNNO,DC,BIZ,CLIENT,SKU,LOT,PLTID,CASEID,EAID,INSPLOC,RCMDLOC,PUTWLOC,PLANQTY,INSPQTY,RCPTQTY,WT,STAT,RGSDE,RGSUSR,UPDDE,UPDUSR)
VALUES ('2018060100001',26,'00003','GM','HDCR','HDCR','GDSI01370009','1201806010000300','12018060100062','*','*','M1011','A2042','Y1011',0,5200,5200,0,'50',now(),'admin',now(),'admin');
INSERT INTO RC_RCPTASGN (RCPTNO,RCPTSN,ASGNNO,DC,BIZ,CLIENT,SKU,LOT,PLTID,CASEID,EAID,INSPLOC,RCMDLOC,PUTWLOC,PLANQTY,INSPQTY,RCPTQTY,WT,STAT,RGSDE,RGSUSR,UPDDE,UPDUSR)
VALUES ('2018060100001',29,'00001','GM','HDCR','HDCR','GDSI00160008','1201806010000310','12018060100063','*','*','M1011','A2042','Y1011',0,24000,24000,0,'50',now(),'admin',now(),'admin');
INSERT INTO RC_RCPTASGN (RCPTNO,RCPTSN,ASGNNO,DC,BIZ,CLIENT,SKU,LOT,PLTID,CASEID,EAID,INSPLOC,RCMDLOC,PUTWLOC,PLANQTY,INSPQTY,RCPTQTY,WT,STAT,RGSDE,RGSUSR,UPDDE,UPDUSR)
VALUES ('2018060100001',29,'00002','GM','HDCR','HDCR','GDSI00160008','1201806010000310','12018060100064','*','*','M1011','A2042','Y1011',0,24000,24000,0,'50',now(),'admin',now(),'admin');
INSERT INTO RC_RCPTASGN (RCPTNO,RCPTSN,ASGNNO,DC,BIZ,CLIENT,SKU,LOT,PLTID,CASEID,EAID,INSPLOC,RCMDLOC,PUTWLOC,PLANQTY,INSPQTY,RCPTQTY,WT,STAT,RGSDE,RGSUSR,UPDDE,UPDUSR)
VALUES ('2018060100001',29,'00003','GM','HDCR','HDCR','GDSI00160008','1201806010000310','12018060100065','*','*','M1011','A2042','*',0,22000,0,0,'10',now(),'admin',now(),'admin');
INSERT INTO RC_RCPTASGN (RCPTNO,RCPTSN,ASGNNO,DC,BIZ,CLIENT,SKU,LOT,PLTID,CASEID,EAID,INSPLOC,RCMDLOC,PUTWLOC,PLANQTY,INSPQTY,RCPTQTY,WT,STAT,RGSDE,RGSUSR,UPDDE,UPDUSR)
VALUES ('2018060100001',27,'00001','GM','HDCR','HDCR','GDSI00060002','1201806020000010','12018060100066','*','*','M1011','A2042','Y1011',0,40000,40000,0,'50',now(),'admin',now(),'admin');
INSERT INTO RC_RCPTASGN (RCPTNO,RCPTSN,ASGNNO,DC,BIZ,CLIENT,SKU,LOT,PLTID,CASEID,EAID,INSPLOC,RCMDLOC,PUTWLOC,PLANQTY,INSPQTY,RCPTQTY,WT,STAT,RGSDE,RGSUSR,UPDDE,UPDUSR)
VALUES ('2018060100001',27,'00002','GM','HDCR','HDCR','GDSI00060002','1201806020000010','12018060100067','*','*','M1011','A2042','*',0,10000,0,0,'10',now(),'admin',now(),'admin');
INSERT INTO RC_RCPTASGN (RCPTNO,RCPTSN,ASGNNO,DC,BIZ,CLIENT,SKU,LOT,PLTID,CASEID,EAID,INSPLOC,RCMDLOC,PUTWLOC,PLANQTY,INSPQTY,RCPTQTY,WT,STAT,RGSDE,RGSUSR,UPDDE,UPDUSR)
VALUES ('2018060100001',23,'00001','GM','HDCR','HDCR','GDSI00040001','1201806020000020','12018060100068','*','*','M1011','A2042','Y1011',0,30000,30000,0,'50',now(),'admin',now(),'admin');
INSERT INTO RC_RCPTASGN (RCPTNO,RCPTSN,ASGNNO,DC,BIZ,CLIENT,SKU,LOT,PLTID,CASEID,EAID,INSPLOC,RCMDLOC,PUTWLOC,PLANQTY,INSPQTY,RCPTQTY,WT,STAT,RGSDE,RGSUSR,UPDDE,UPDUSR)
VALUES ('2018060100001',16,'00001','GM','HDCR','HDCR','GDSI00040001','1201806020000030','12018060100069','*','*','M1011','A2042','*',0,30000,0,0,'10',now(),'admin',now(),'admin');
INSERT INTO RC_RCPTASGN (RCPTNO,RCPTSN,ASGNNO,DC,BIZ,CLIENT,SKU,LOT,PLTID,CASEID,EAID,INSPLOC,RCMDLOC,PUTWLOC,PLANQTY,INSPQTY,RCPTQTY,WT,STAT,RGSDE,RGSUSR,UPDDE,UPDUSR)
VALUES ('2018060100001',16,'00002','GM','HDCR','HDCR','GDSI00040001','1201806020000030','12018060100070','*','*','M1011','A2042','Y1011',0,18000,18000,0,'50',now(),'admin',now(),'admin');
INSERT INTO RC_RCPTASGN (RCPTNO,RCPTSN,ASGNNO,DC,BIZ,CLIENT,SKU,LOT,PLTID,CASEID,EAID,INSPLOC,RCMDLOC,PUTWLOC,PLANQTY,INSPQTY,RCPTQTY,WT,STAT,RGSDE,RGSUSR,UPDDE,UPDUSR)
VALUES ('2018060100001',28,'00001','GM','HDCR','HDCR','GDSI00220012','1201806020000040','12018060100071','*','*','M1011','A2042','Y1011',0,24000,24000,0,'50',now(),'admin',now(),'admin');
INSERT INTO RC_RCPTASGN (RCPTNO,RCPTSN,ASGNNO,DC,BIZ,CLIENT,SKU,LOT,PLTID,CASEID,EAID,INSPLOC,RCMDLOC,PUTWLOC,PLANQTY,INSPQTY,RCPTQTY,WT,STAT,RGSDE,RGSUSR,UPDDE,UPDUSR)
VALUES ('2018060100001',28,'00002','GM','HDCR','HDCR','GDSI00220012','1201806020000040','12018060100072','*','*','M1011','A2042','*',0,24000,0,0,'10',now(),'admin',now(),'admin');
INSERT INTO RC_RCPTASGN (RCPTNO,RCPTSN,ASGNNO,DC,BIZ,CLIENT,SKU,LOT,PLTID,CASEID,EAID,INSPLOC,RCMDLOC,PUTWLOC,PLANQTY,INSPQTY,RCPTQTY,WT,STAT,RGSDE,RGSUSR,UPDDE,UPDUSR)
VALUES ('2018060100001',28,'00003','GM','HDCR','HDCR','GDSI00220012','1201806020000040','12018060100073','*','*','M1011','A2042','Y1011',0,2000,2000,0,'50',now(),'admin',now(),'admin');
INSERT INTO RC_RCPTASGN (RCPTNO,RCPTSN,ASGNNO,DC,BIZ,CLIENT,SKU,LOT,PLTID,CASEID,EAID,INSPLOC,RCMDLOC,PUTWLOC,PLANQTY,INSPQTY,RCPTQTY,WT,STAT,RGSDE,RGSUSR,UPDDE,UPDUSR)
VALUES ('2018060100001',26,'00004','GM','HDCR','HDCR','GDSI01370009','1201806010000300','12018060100074','*','*','M1011','A2042','Y1011',0,200,200,0,'50',now(),'admin',now(),'admin');
INSERT INTO RC_RCPTASGN (RCPTNO,RCPTSN,ASGNNO,DC,BIZ,CLIENT,SKU,LOT,PLTID,CASEID,EAID,INSPLOC,RCMDLOC,PUTWLOC,PLANQTY,INSPQTY,RCPTQTY,WT,STAT,RGSDE,RGSUSR,UPDDE,UPDUSR)
VALUES ('2018060100001',24,'00001','GM','HDCR','HDCR','GDDO05000001','1201806020000050','12018060100075','*','*','M1011','A2042','Y1011',0,10000,10000,0,'50',now(),'admin',now(),'admin');
INSERT INTO RC_RCPTASGN (RCPTNO,RCPTSN,ASGNNO,DC,BIZ,CLIENT,SKU,LOT,PLTID,CASEID,EAID,INSPLOC,RCMDLOC,PUTWLOC,PLANQTY,INSPQTY,RCPTQTY,WT,STAT,RGSDE,RGSUSR,UPDDE,UPDUSR)
VALUES ('2018060100001',24,'00002','GM','HDCR','HDCR','GDDO05000001','1201806020000050','12018060100076','*','*','M1011','A2042','Y1011',0,10000,10000,0,'50',now(),'admin',now(),'admin');
INSERT INTO RC_RCPTASGN (RCPTNO,RCPTSN,ASGNNO,DC,BIZ,CLIENT,SKU,LOT,PLTID,CASEID,EAID,INSPLOC,RCMDLOC,PUTWLOC,PLANQTY,INSPQTY,RCPTQTY,WT,STAT,RGSDE,RGSUSR,UPDDE,UPDUSR)
VALUES ('2018060100001',24,'00003','GM','HDCR','HDCR','GDDO05000001','1201806020000050','12018060100077','*','*','M1011','A2042','Y1011',0,10000,10000,0,'50',now(),'admin',now(),'admin');
INSERT INTO RC_RCPTASGN (RCPTNO,RCPTSN,ASGNNO,DC,BIZ,CLIENT,SKU,LOT,PLTID,CASEID,EAID,INSPLOC,RCMDLOC,PUTWLOC,PLANQTY,INSPQTY,RCPTQTY,WT,STAT,RGSDE,RGSUSR,UPDDE,UPDUSR)
VALUES ('2018060100001',24,'00004','GM','HDCR','HDCR','GDDO05000001','1201806020000050','12018060100078','*','*','M1011','A2042','Y1011',0,10000,10000,0,'50',now(),'admin',now(),'admin');
INSERT INTO RC_RCPTASGN (RCPTNO,RCPTSN,ASGNNO,DC,BIZ,CLIENT,SKU,LOT,PLTID,CASEID,EAID,INSPLOC,RCMDLOC,PUTWLOC,PLANQTY,INSPQTY,RCPTQTY,WT,STAT,RGSDE,RGSUSR,UPDDE,UPDUSR)
VALUES ('2018060100001',24,'00005','GM','HDCR','HDCR','GDDO05000001','1201806020000050','12018060100079','*','*','M1011','A2042','Y1011',0,10000,10000,0,'50',now(),'admin',now(),'admin');
INSERT INTO RC_RCPTASGN (RCPTNO,RCPTSN,ASGNNO,DC,BIZ,CLIENT,SKU,LOT,PLTID,CASEID,EAID,INSPLOC,RCMDLOC,PUTWLOC,PLANQTY,INSPQTY,RCPTQTY,WT,STAT,RGSDE,RGSUSR,UPDDE,UPDUSR)
VALUES ('2018060100001',24,'00006','GM','HDCR','HDCR','GDDO05000001','1201806020000050','12018060100080','*','*','M1011','A2042','*',0,10000,0,0,'10',now(),'admin',now(),'admin');
INSERT INTO RC_RCPTASGN (RCPTNO,RCPTSN,ASGNNO,DC,BIZ,CLIENT,SKU,LOT,PLTID,CASEID,EAID,INSPLOC,RCMDLOC,PUTWLOC,PLANQTY,INSPQTY,RCPTQTY,WT,STAT,RGSDE,RGSUSR,UPDDE,UPDUSR)
VALUES ('2018060100001',24,'00007','GM','HDCR','HDCR','GDDO05000001','1201806020000050','12018060100081','*','*','M1011','A2042','*',0,10000,0,0,'10',now(),'admin',now(),'admin');
INSERT INTO RC_RCPTASGN (RCPTNO,RCPTSN,ASGNNO,DC,BIZ,CLIENT,SKU,LOT,PLTID,CASEID,EAID,INSPLOC,RCMDLOC,PUTWLOC,PLANQTY,INSPQTY,RCPTQTY,WT,STAT,RGSDE,RGSUSR,UPDDE,UPDUSR)
VALUES ('2018060100001',25,'00001','GM','HDCR','HDCR','GDSI06500039','1201806020000060','12018060100082','*','*','M1011','E1091','Y1011',0,16000,16000,0,'50',now(),'admin',now(),'admin');
INSERT INTO RC_RCPTASGN (RCPTNO,RCPTSN,ASGNNO,DC,BIZ,CLIENT,SKU,LOT,PLTID,CASEID,EAID,INSPLOC,RCMDLOC,PUTWLOC,PLANQTY,INSPQTY,RCPTQTY,WT,STAT,RGSDE,RGSUSR,UPDDE,UPDUSR)
VALUES ('2018060100001',25,'00002','GM','HDCR','HDCR','GDSI06500039','1201806020000060','12018060100083','*','*','M1011','E1091','*',0,14000,0,0,'10',now(),'admin',now(),'admin');
INSERT INTO RC_RCPTASGN (RCPTNO,RCPTSN,ASGNNO,DC,BIZ,CLIENT,SKU,LOT,PLTID,CASEID,EAID,INSPLOC,RCMDLOC,PUTWLOC,PLANQTY,INSPQTY,RCPTQTY,WT,STAT,RGSDE,RGSUSR,UPDDE,UPDUSR)
VALUES ('2018060100001',28,'00004','GM','HDCR','HDCR','GDSI00220012','1201806020000040','12018060100084','*','*','M1011','A2042','Y1011',0,3000,3000,0,'50',now(),'admin',now(),'admin');
INSERT INTO RC_RCPTASGN (RCPTNO,RCPTSN,ASGNNO,DC,BIZ,CLIENT,SKU,LOT,PLTID,CASEID,EAID,INSPLOC,RCMDLOC,PUTWLOC,PLANQTY,INSPQTY,RCPTQTY,WT,STAT,RGSDE,RGSUSR,UPDDE,UPDUSR)
VALUES ('2018060100001',26,'00005','GM','HDCR','HDCR','GDSI01370009','1201806010000300','12018060100085','*','*','M1011','A2042','Y1011',0,2400,2400,0,'50',now(),'admin',now(),'admin');
INSERT INTO RC_RCPTASGN (RCPTNO,RCPTSN,ASGNNO,DC,BIZ,CLIENT,SKU,LOT,PLTID,CASEID,EAID,INSPLOC,RCMDLOC,PUTWLOC,PLANQTY,INSPQTY,RCPTQTY,WT,STAT,RGSDE,RGSUSR,UPDDE,UPDUSR)
VALUES ('2018060200001',1,'00001','GM','HDCR','HDCR','GDDO05000001','1201806020000070','12018060200001','*','*','M1011','A2042','Y1011',0,10000,10000,0,'50',now(),'admin',now(),'admin');
INSERT INTO RC_RCPTASGN (RCPTNO,RCPTSN,ASGNNO,DC,BIZ,CLIENT,SKU,LOT,PLTID,CASEID,EAID,INSPLOC,RCMDLOC,PUTWLOC,PLANQTY,INSPQTY,RCPTQTY,WT,STAT,RGSDE,RGSUSR,UPDDE,UPDUSR)
VALUES ('2018060200001',1,'00002','GM','HDCR','HDCR','GDDO05000001','1201806020000070','12018060200002','*','*','M1011','A2042','Y1011',0,10000,10000,0,'50',now(),'admin',now(),'admin');
INSERT INTO RC_RCPTASGN (RCPTNO,RCPTSN,ASGNNO,DC,BIZ,CLIENT,SKU,LOT,PLTID,CASEID,EAID,INSPLOC,RCMDLOC,PUTWLOC,PLANQTY,INSPQTY,RCPTQTY,WT,STAT,RGSDE,RGSUSR,UPDDE,UPDUSR)
VALUES ('2018060200001',1,'00003','GM','HDCR','HDCR','GDDO05000001','1201806020000070','12018060200003','*','*','M1011','A2042','Y1011',0,10000,10000,0,'50',now(),'admin',now(),'admin');
INSERT INTO RC_RCPTASGN (RCPTNO,RCPTSN,ASGNNO,DC,BIZ,CLIENT,SKU,LOT,PLTID,CASEID,EAID,INSPLOC,RCMDLOC,PUTWLOC,PLANQTY,INSPQTY,RCPTQTY,WT,STAT,RGSDE,RGSUSR,UPDDE,UPDUSR)
VALUES ('2018060200001',1,'00004','GM','HDCR','HDCR','GDDO05000001','1201806020000070','12018060200004','*','*','M1011','A2042','Y1011',0,10000,10000,0,'50',now(),'admin',now(),'admin');
INSERT INTO RC_RCPTASGN (RCPTNO,RCPTSN,ASGNNO,DC,BIZ,CLIENT,SKU,LOT,PLTID,CASEID,EAID,INSPLOC,RCMDLOC,PUTWLOC,PLANQTY,INSPQTY,RCPTQTY,WT,STAT,RGSDE,RGSUSR,UPDDE,UPDUSR)
VALUES ('2018060200001',1,'00005','GM','HDCR','HDCR','GDDO05000001','1201806020000070','12018060200005','*','*','M1011','A2042','Y1011',0,10000,10000,0,'50',now(),'admin',now(),'admin');
INSERT INTO RC_RCPTASGN (RCPTNO,RCPTSN,ASGNNO,DC,BIZ,CLIENT,SKU,LOT,PLTID,CASEID,EAID,INSPLOC,RCMDLOC,PUTWLOC,PLANQTY,INSPQTY,RCPTQTY,WT,STAT,RGSDE,RGSUSR,UPDDE,UPDUSR)
VALUES ('2018060200001',1,'00006','GM','HDCR','HDCR','GDDO05000001','1201806020000070','12018060200006','*','*','M1011','A2042','Y1011',0,10000,10000,0,'50',now(),'admin',now(),'admin');
INSERT INTO RC_RCPTASGN (RCPTNO,RCPTSN,ASGNNO,DC,BIZ,CLIENT,SKU,LOT,PLTID,CASEID,EAID,INSPLOC,RCMDLOC,PUTWLOC,PLANQTY,INSPQTY,RCPTQTY,WT,STAT,RGSDE,RGSUSR,UPDDE,UPDUSR)
VALUES ('2018060200001',1,'00007','GM','HDCR','HDCR','GDDO05000001','1201806020000070','12018060200007','*','*','M1011','A2042','Y1011',0,10000,10000,0,'50',now(),'admin',now(),'admin');
INSERT INTO RC_RCPTASGN (RCPTNO,RCPTSN,ASGNNO,DC,BIZ,CLIENT,SKU,LOT,PLTID,CASEID,EAID,INSPLOC,RCMDLOC,PUTWLOC,PLANQTY,INSPQTY,RCPTQTY,WT,STAT,RGSDE,RGSUSR,UPDDE,UPDUSR)
VALUES ('2018060200001',4,'00001','GM','HDCR','HDCR','GDSI00060002','1201806020000080','12018060200008','*','*','M1011','A2042','Y1011',0,40000,40000,0,'50',now(),'admin',now(),'admin');
INSERT INTO RC_RCPTASGN (RCPTNO,RCPTSN,ASGNNO,DC,BIZ,CLIENT,SKU,LOT,PLTID,CASEID,EAID,INSPLOC,RCMDLOC,PUTWLOC,PLANQTY,INSPQTY,RCPTQTY,WT,STAT,RGSDE,RGSUSR,UPDDE,UPDUSR)
VALUES ('2018060200001',4,'00002','GM','HDCR','HDCR','GDSI00060002','1201806020000080','12018060200009','*','*','M1011','A2042','*',0,10000,0,0,'10',now(),'admin',now(),'admin');
INSERT INTO RC_RCPTASGN (RCPTNO,RCPTSN,ASGNNO,DC,BIZ,CLIENT,SKU,LOT,PLTID,CASEID,EAID,INSPLOC,RCMDLOC,PUTWLOC,PLANQTY,INSPQTY,RCPTQTY,WT,STAT,RGSDE,RGSUSR,UPDDE,UPDUSR)
VALUES ('2018060100001',15,'00004','GM','HDCR','HDCR','GDSI06500039','1201806010000090','12018060100086','*','*','M1011','E1091','Y1011',0,9000,9000,0,'50',now(),'admin',now(),'admin');
INSERT INTO RC_RCPTASGN (RCPTNO,RCPTSN,ASGNNO,DC,BIZ,CLIENT,SKU,LOT,PLTID,CASEID,EAID,INSPLOC,RCMDLOC,PUTWLOC,PLANQTY,INSPQTY,RCPTQTY,WT,STAT,RGSDE,RGSUSR,UPDDE,UPDUSR)
VALUES ('2018060100001',20,'00004','GM','HDCR','HDCR','GDSI00100039','1201806010000270','12018060100087','*','*','M1011','A2042','Y1011',0,8000,8000,0,'50',now(),'admin',now(),'admin');
INSERT INTO RC_RCPTASGN (RCPTNO,RCPTSN,ASGNNO,DC,BIZ,CLIENT,SKU,LOT,PLTID,CASEID,EAID,INSPLOC,RCMDLOC,PUTWLOC,PLANQTY,INSPQTY,RCPTQTY,WT,STAT,RGSDE,RGSUSR,UPDDE,UPDUSR)
VALUES ('2018060100001',8,'00004','GM','HDCR','HDCR','GDSI00130240','1201806010000060','12018060100088','*','*','M1011','A2042','Y1011',0,24000,24000,0,'50',now(),'admin',now(),'admin');
INSERT INTO RC_RCPTASGN (RCPTNO,RCPTSN,ASGNNO,DC,BIZ,CLIENT,SKU,LOT,PLTID,CASEID,EAID,INSPLOC,RCMDLOC,PUTWLOC,PLANQTY,INSPQTY,RCPTQTY,WT,STAT,RGSDE,RGSUSR,UPDDE,UPDUSR)
VALUES ('2018060100001',30,'00001','GM','HDCR','HDCR','GDSI00220070','1201806040000010','12018060100089','*','*','M1011','A2042','*',0,21600,0,0,'10',now(),'admin',now(),'admin');
INSERT INTO RC_RCPTASGN (RCPTNO,RCPTSN,ASGNNO,DC,BIZ,CLIENT,SKU,LOT,PLTID,CASEID,EAID,INSPLOC,RCMDLOC,PUTWLOC,PLANQTY,INSPQTY,RCPTQTY,WT,STAT,RGSDE,RGSUSR,UPDDE,UPDUSR)
VALUES ('2018060100001',30,'00002','GM','HDCR','HDCR','GDSI00220070','1201806040000010','12018060100090','*','*','M1011','A2042','*',0,7560,0,0,'10',now(),'admin',now(),'admin');
INSERT INTO RC_RCPTASGN (RCPTNO,RCPTSN,ASGNNO,DC,BIZ,CLIENT,SKU,LOT,PLTID,CASEID,EAID,INSPLOC,RCMDLOC,PUTWLOC,PLANQTY,INSPQTY,RCPTQTY,WT,STAT,RGSDE,RGSUSR,UPDDE,UPDUSR)
VALUES ('2018060100001',30,'00003','GM','HDCR','HDCR','GDSI00220070','1201806040000010','12018060100091','*','*','M1011','A2042','Y1011',0,8640,8640,0,'50',now(),'admin',now(),'admin');
INSERT INTO RC_RCPTASGN (RCPTNO,RCPTSN,ASGNNO,DC,BIZ,CLIENT,SKU,LOT,PLTID,CASEID,EAID,INSPLOC,RCMDLOC,PUTWLOC,PLANQTY,INSPQTY,RCPTQTY,WT,STAT,RGSDE,RGSUSR,UPDDE,UPDUSR)
VALUES ('2018060200001',1,'00008','GM','HDCR','HDCR','GDDO05000001','1201806020000070','12018060200010','*','*','M1011','A2042','Y1011',0,3500,3500,0,'50',now(),'admin',now(),'admin');
INSERT INTO RC_RCPTASGN (RCPTNO,RCPTSN,ASGNNO,DC,BIZ,CLIENT,SKU,LOT,PLTID,CASEID,EAID,INSPLOC,RCMDLOC,PUTWLOC,PLANQTY,INSPQTY,RCPTQTY,WT,STAT,RGSDE,RGSUSR,UPDDE,UPDUSR)
VALUES ('2018060400001',8,'00001','GM','HDCR','HDCR','GDSI09400081','1201806040000020','12018060400001','*','*','M1011','A2042','Y1011',0,7200,7200,0,'50',now(),'admin',now(),'admin');
INSERT INTO RC_RCPTASGN (RCPTNO,RCPTSN,ASGNNO,DC,BIZ,CLIENT,SKU,LOT,PLTID,CASEID,EAID,INSPLOC,RCMDLOC,PUTWLOC,PLANQTY,INSPQTY,RCPTQTY,WT,STAT,RGSDE,RGSUSR,UPDDE,UPDUSR)
VALUES ('2018060400001',8,'00002','GM','HDCR','HDCR','GDSI09400081','1201806040000020','12018060400002','*','*','M1011','A2042','Y1011',0,7200,7200,0,'50',now(),'admin',now(),'admin');
INSERT INTO RC_RCPTASGN (RCPTNO,RCPTSN,ASGNNO,DC,BIZ,CLIENT,SKU,LOT,PLTID,CASEID,EAID,INSPLOC,RCMDLOC,PUTWLOC,PLANQTY,INSPQTY,RCPTQTY,WT,STAT,RGSDE,RGSUSR,UPDDE,UPDUSR)
VALUES ('2018060400001',8,'00003','GM','HDCR','HDCR','GDSI09400081','1201806040000020','12018060400003','*','*','M1011','A2042','Y1011',0,7200,7200,0,'50',now(),'admin',now(),'admin');
INSERT INTO RC_RCPTASGN (RCPTNO,RCPTSN,ASGNNO,DC,BIZ,CLIENT,SKU,LOT,PLTID,CASEID,EAID,INSPLOC,RCMDLOC,PUTWLOC,PLANQTY,INSPQTY,RCPTQTY,WT,STAT,RGSDE,RGSUSR,UPDDE,UPDUSR)
VALUES ('2018060400001',8,'00004','GM','HDCR','HDCR','GDSI09400081','1201806040000020','12018060400004','*','*','M1011','A2042','Y1011',0,7200,7200,0,'50',now(),'admin',now(),'admin');
INSERT INTO RC_RCPTASGN (RCPTNO,RCPTSN,ASGNNO,DC,BIZ,CLIENT,SKU,LOT,PLTID,CASEID,EAID,INSPLOC,RCMDLOC,PUTWLOC,PLANQTY,INSPQTY,RCPTQTY,WT,STAT,RGSDE,RGSUSR,UPDDE,UPDUSR)
VALUES ('2018060400001',8,'00005','GM','HDCR','HDCR','GDSI09400081','1201806040000020','12018060400005','*','*','M1011','A2042','Y1011',0,7200,7200,0,'50',now(),'admin',now(),'admin');
INSERT INTO RC_RCPTASGN (RCPTNO,RCPTSN,ASGNNO,DC,BIZ,CLIENT,SKU,LOT,PLTID,CASEID,EAID,INSPLOC,RCMDLOC,PUTWLOC,PLANQTY,INSPQTY,RCPTQTY,WT,STAT,RGSDE,RGSUSR,UPDDE,UPDUSR)
VALUES ('2018060400001',8,'00006','GM','HDCR','HDCR','GDSI09400081','1201806040000020','12018060400006','*','*','M1011','A2042','Y1011',0,7200,7200,0,'50',now(),'admin',now(),'admin');
INSERT INTO RC_RCPTASGN (RCPTNO,RCPTSN,ASGNNO,DC,BIZ,CLIENT,SKU,LOT,PLTID,CASEID,EAID,INSPLOC,RCMDLOC,PUTWLOC,PLANQTY,INSPQTY,RCPTQTY,WT,STAT,RGSDE,RGSUSR,UPDDE,UPDUSR)
VALUES ('2018060400001',10,'00003','GM','HDCR','HDCR','GDSI05200005','1201806040000060','12018060400082','*','*','M1011','E1031','Y1011',0,11000,11000,0,'50',now(),'admin',now(),'admin');
INSERT INTO RC_RCPTASGN (RCPTNO,RCPTSN,ASGNNO,DC,BIZ,CLIENT,SKU,LOT,PLTID,CASEID,EAID,INSPLOC,RCMDLOC,PUTWLOC,PLANQTY,INSPQTY,RCPTQTY,WT,STAT,RGSDE,RGSUSR,UPDDE,UPDUSR)
VALUES ('2018060400001',9,'00009','GM','HDCR','HDCR','GDDO05000001','1201806040000030','12018060400083','*','*','M1011','A2042','Y1011',0,4000,4000,0,'50',now(),'admin',now(),'admin');
INSERT INTO RC_RCPTASGN (RCPTNO,RCPTSN,ASGNNO,DC,BIZ,CLIENT,SKU,LOT,PLTID,CASEID,EAID,INSPLOC,RCMDLOC,PUTWLOC,PLANQTY,INSPQTY,RCPTQTY,WT,STAT,RGSDE,RGSUSR,UPDDE,UPDUSR)
VALUES ('2018060400001',7,'00006','GM','HDCR','HDCR','GDSI00220070','1201806040000120','12018060400084','*','*','M1011','A2042','Y1011',0,3240,3240,0,'50',now(),'admin',now(),'admin');
INSERT INTO RC_RCPTASGN (RCPTNO,RCPTSN,ASGNNO,DC,BIZ,CLIENT,SKU,LOT,PLTID,CASEID,EAID,INSPLOC,RCMDLOC,PUTWLOC,PLANQTY,INSPQTY,RCPTQTY,WT,STAT,RGSDE,RGSUSR,UPDDE,UPDUSR)
VALUES ('2018060500001',5,'00001','GM','HDCR','HDCR','GDSI09400039','1201806050000040','12018060500001','*','*','M1011','A2042','Y1011',0,5760,5760,0,'50',now(),'admin',now(),'admin');
INSERT INTO RC_RCPTASGN (RCPTNO,RCPTSN,ASGNNO,DC,BIZ,CLIENT,SKU,LOT,PLTID,CASEID,EAID,INSPLOC,RCMDLOC,PUTWLOC,PLANQTY,INSPQTY,RCPTQTY,WT,STAT,RGSDE,RGSUSR,UPDDE,UPDUSR)
VALUES ('2018060500001',5,'00002','GM','HDCR','HDCR','GDSI09400039','1201806050000040','12018060500002','*','*','M1011','A2042','Y1011',0,5760,5760,0,'50',now(),'admin',now(),'admin');
INSERT INTO RC_RCPTASGN (RCPTNO,RCPTSN,ASGNNO,DC,BIZ,CLIENT,SKU,LOT,PLTID,CASEID,EAID,INSPLOC,RCMDLOC,PUTWLOC,PLANQTY,INSPQTY,RCPTQTY,WT,STAT,RGSDE,RGSUSR,UPDDE,UPDUSR)
VALUES ('2018060500001',5,'00003','GM','HDCR','HDCR','GDSI09400039','1201806050000040','12018060500003','*','*','M1011','A2042','Y1011',0,5760,5760,0,'50',now(),'admin',now(),'admin');
INSERT INTO RC_RCPTASGN (RCPTNO,RCPTSN,ASGNNO,DC,BIZ,CLIENT,SKU,LOT,PLTID,CASEID,EAID,INSPLOC,RCMDLOC,PUTWLOC,PLANQTY,INSPQTY,RCPTQTY,WT,STAT,RGSDE,RGSUSR,UPDDE,UPDUSR)
VALUES ('2018060500001',5,'00004','GM','HDCR','HDCR','GDSI09400039','1201806050000040','12018060500004','*','*','M1011','A2042','Y1011',0,5760,5760,0,'50',now(),'admin',now(),'admin');
INSERT INTO RC_RCPTASGN (RCPTNO,RCPTSN,ASGNNO,DC,BIZ,CLIENT,SKU,LOT,PLTID,CASEID,EAID,INSPLOC,RCMDLOC,PUTWLOC,PLANQTY,INSPQTY,RCPTQTY,WT,STAT,RGSDE,RGSUSR,UPDDE,UPDUSR)
VALUES ('2018060500001',5,'00005','GM','HDCR','HDCR','GDSI09400039','1201806050000040','12018060500005','*','*','M1011','A2042','Y1011',0,5760,5760,0,'50',now(),'admin',now(),'admin');
INSERT INTO RC_RCPTASGN (RCPTNO,RCPTSN,ASGNNO,DC,BIZ,CLIENT,SKU,LOT,PLTID,CASEID,EAID,INSPLOC,RCMDLOC,PUTWLOC,PLANQTY,INSPQTY,RCPTQTY,WT,STAT,RGSDE,RGSUSR,UPDDE,UPDUSR)
VALUES ('2018060500001',5,'00006','GM','HDCR','HDCR','GDSI09400039','1201806050000040','12018060500006','*','*','M1011','A2042','*',0,5760,0,0,'10',now(),'admin',now(),'admin');
INSERT INTO RC_RCPTASGN (RCPTNO,RCPTSN,ASGNNO,DC,BIZ,CLIENT,SKU,LOT,PLTID,CASEID,EAID,INSPLOC,RCMDLOC,PUTWLOC,PLANQTY,INSPQTY,RCPTQTY,WT,STAT,RGSDE,RGSUSR,UPDDE,UPDUSR)
VALUES ('2018060500001',5,'00007','GM','HDCR','HDCR','GDSI09400039','1201806050000040','12018060500007','*','*','M1011','A2042','*',0,5760,0,0,'10',now(),'admin',now(),'admin');
INSERT INTO RC_RCPTASGN (RCPTNO,RCPTSN,ASGNNO,DC,BIZ,CLIENT,SKU,LOT,PLTID,CASEID,EAID,INSPLOC,RCMDLOC,PUTWLOC,PLANQTY,INSPQTY,RCPTQTY,WT,STAT,RGSDE,RGSUSR,UPDDE,UPDUSR)
VALUES ('2018060500001',5,'00008','GM','HDCR','HDCR','GDSI09400039','1201806050000040','12018060500008','*','*','M1011','A2042','*',0,5760,0,0,'10',now(),'admin',now(),'admin');
INSERT INTO RC_RCPTASGN (RCPTNO,RCPTSN,ASGNNO,DC,BIZ,CLIENT,SKU,LOT,PLTID,CASEID,EAID,INSPLOC,RCMDLOC,PUTWLOC,PLANQTY,INSPQTY,RCPTQTY,WT,STAT,RGSDE,RGSUSR,UPDDE,UPDUSR)
VALUES ('2018060500001',5,'00009','GM','HDCR','HDCR','GDSI09400039','1201806050000040','12018060500009','*','*','M1011','A2042','*',0,5760,0,0,'10',now(),'admin',now(),'admin');
INSERT INTO RC_RCPTASGN (RCPTNO,RCPTSN,ASGNNO,DC,BIZ,CLIENT,SKU,LOT,PLTID,CASEID,EAID,INSPLOC,RCMDLOC,PUTWLOC,PLANQTY,INSPQTY,RCPTQTY,WT,STAT,RGSDE,RGSUSR,UPDDE,UPDUSR)
VALUES ('2018060500001',5,'00010','GM','HDCR','HDCR','GDSI09400039','1201806050000040','12018060500010','*','*','M1011','A2042','*',0,5760,0,0,'10',now(),'admin',now(),'admin');
INSERT INTO RC_RCPTASGN (RCPTNO,RCPTSN,ASGNNO,DC,BIZ,CLIENT,SKU,LOT,PLTID,CASEID,EAID,INSPLOC,RCMDLOC,PUTWLOC,PLANQTY,INSPQTY,RCPTQTY,WT,STAT,RGSDE,RGSUSR,UPDDE,UPDUSR)
VALUES ('2018060500001',5,'00011','GM','HDCR','HDCR','GDSI09400039','1201806050000040','12018060500011','*','*','M1011','A2042','*',0,5760,0,0,'10',now(),'admin',now(),'admin');
INSERT INTO RC_RCPTASGN (RCPTNO,RCPTSN,ASGNNO,DC,BIZ,CLIENT,SKU,LOT,PLTID,CASEID,EAID,INSPLOC,RCMDLOC,PUTWLOC,PLANQTY,INSPQTY,RCPTQTY,WT,STAT,RGSDE,RGSUSR,UPDDE,UPDUSR)
VALUES ('2018060500001',5,'00012','GM','HDCR','HDCR','GDSI09400039','1201806050000040','12018060500012','*','*','M1011','A2042','*',0,3840,0,0,'10',now(),'admin',now(),'admin');
INSERT INTO RC_RCPTASGN (RCPTNO,RCPTSN,ASGNNO,DC,BIZ,CLIENT,SKU,LOT,PLTID,CASEID,EAID,INSPLOC,RCMDLOC,PUTWLOC,PLANQTY,INSPQTY,RCPTQTY,WT,STAT,RGSDE,RGSUSR,UPDDE,UPDUSR)
VALUES ('2018060500001',6,'00001','GM','HDCR','HDCR','GDDO05000001','1201806050000050','12018060500013','*','*','M1011','A2042','Y1011',0,10000,10000,0,'50',now(),'admin',now(),'admin');
INSERT INTO RC_RCPTASGN (RCPTNO,RCPTSN,ASGNNO,DC,BIZ,CLIENT,SKU,LOT,PLTID,CASEID,EAID,INSPLOC,RCMDLOC,PUTWLOC,PLANQTY,INSPQTY,RCPTQTY,WT,STAT,RGSDE,RGSUSR,UPDDE,UPDUSR)
VALUES ('2018060500001',6,'00002','GM','HDCR','HDCR','GDDO05000001','1201806050000050','12018060500014','*','*','M1011','A2042','Y1011',0,10000,10000,0,'50',now(),'admin',now(),'admin');
INSERT INTO RC_RCPTASGN (RCPTNO,RCPTSN,ASGNNO,DC,BIZ,CLIENT,SKU,LOT,PLTID,CASEID,EAID,INSPLOC,RCMDLOC,PUTWLOC,PLANQTY,INSPQTY,RCPTQTY,WT,STAT,RGSDE,RGSUSR,UPDDE,UPDUSR)
VALUES ('2018060500001',6,'00003','GM','HDCR','HDCR','GDDO05000001','1201806050000050','12018060500015','*','*','M1011','A2042','Y1011',0,10000,10000,0,'50',now(),'admin',now(),'admin');
INSERT INTO RC_RCPTASGN (RCPTNO,RCPTSN,ASGNNO,DC,BIZ,CLIENT,SKU,LOT,PLTID,CASEID,EAID,INSPLOC,RCMDLOC,PUTWLOC,PLANQTY,INSPQTY,RCPTQTY,WT,STAT,RGSDE,RGSUSR,UPDDE,UPDUSR)
VALUES ('2018060500001',6,'00004','GM','HDCR','HDCR','GDDO05000001','1201806050000050','12018060500016','*','*','M1011','A2042','Y1011',0,10000,10000,0,'50',now(),'admin',now(),'admin');
INSERT INTO RC_RCPTASGN (RCPTNO,RCPTSN,ASGNNO,DC,BIZ,CLIENT,SKU,LOT,PLTID,CASEID,EAID,INSPLOC,RCMDLOC,PUTWLOC,PLANQTY,INSPQTY,RCPTQTY,WT,STAT,RGSDE,RGSUSR,UPDDE,UPDUSR)
VALUES ('2018060500001',6,'00005','GM','HDCR','HDCR','GDDO05000001','1201806050000050','12018060500017','*','*','M1011','A2042','Y1011',0,10000,10000,0,'50',now(),'admin',now(),'admin');
INSERT INTO RC_RCPTASGN (RCPTNO,RCPTSN,ASGNNO,DC,BIZ,CLIENT,SKU,LOT,PLTID,CASEID,EAID,INSPLOC,RCMDLOC,PUTWLOC,PLANQTY,INSPQTY,RCPTQTY,WT,STAT,RGSDE,RGSUSR,UPDDE,UPDUSR)
VALUES ('2018060500001',6,'00006','GM','HDCR','HDCR','GDDO05000001','1201806050000050','12018060500018','*','*','M1011','A2042','*',0,10000,0,0,'10',now(),'admin',now(),'admin');
INSERT INTO RC_RCPTASGN (RCPTNO,RCPTSN,ASGNNO,DC,BIZ,CLIENT,SKU,LOT,PLTID,CASEID,EAID,INSPLOC,RCMDLOC,PUTWLOC,PLANQTY,INSPQTY,RCPTQTY,WT,STAT,RGSDE,RGSUSR,UPDDE,UPDUSR)
VALUES ('2018060500001',6,'00007','GM','HDCR','HDCR','GDDO05000001','1201806050000050','12018060500019','*','*','M1011','A2042','*',0,10000,0,0,'10',now(),'admin',now(),'admin');
INSERT INTO RC_RCPTASGN (RCPTNO,RCPTSN,ASGNNO,DC,BIZ,CLIENT,SKU,LOT,PLTID,CASEID,EAID,INSPLOC,RCMDLOC,PUTWLOC,PLANQTY,INSPQTY,RCPTQTY,WT,STAT,RGSDE,RGSUSR,UPDDE,UPDUSR)
VALUES ('2018060500001',6,'00008','GM','HDCR','HDCR','GDDO05000001','1201806050000050','12018060500020','*','*','M1011','A2042','Y1011',0,6000,6000,0,'50',now(),'admin',now(),'admin');
INSERT INTO RC_RCPTASGN (RCPTNO,RCPTSN,ASGNNO,DC,BIZ,CLIENT,SKU,LOT,PLTID,CASEID,EAID,INSPLOC,RCMDLOC,PUTWLOC,PLANQTY,INSPQTY,RCPTQTY,WT,STAT,RGSDE,RGSUSR,UPDDE,UPDUSR)
VALUES ('2018060400001',19,'00001','GM','HDCR','HDCR','GDSI00100036','1201806050000060','12018060400085','*','*','M1011','E1031','Y1011',0,24000,24000,0,'50',now(),'admin',now(),'admin');
INSERT INTO RC_RCPTASGN (RCPTNO,RCPTSN,ASGNNO,DC,BIZ,CLIENT,SKU,LOT,PLTID,CASEID,EAID,INSPLOC,RCMDLOC,PUTWLOC,PLANQTY,INSPQTY,RCPTQTY,WT,STAT,RGSDE,RGSUSR,UPDDE,UPDUSR)
VALUES ('2018060400001',19,'00002','GM','HDCR','HDCR','GDSI00100036','1201806050000060','12018060400086','*','*','M1011','E1031','*',0,24000,0,0,'10',now(),'admin',now(),'admin');
INSERT INTO RC_RCPTASGN (RCPTNO,RCPTSN,ASGNNO,DC,BIZ,CLIENT,SKU,LOT,PLTID,CASEID,EAID,INSPLOC,RCMDLOC,PUTWLOC,PLANQTY,INSPQTY,RCPTQTY,WT,STAT,RGSDE,RGSUSR,UPDDE,UPDUSR)
VALUES ('2018060400001',19,'00003','GM','HDCR','HDCR','GDSI00100036','1201806050000060','12018060400087','*','*','M1011','E1031','*',0,2000,0,0,'10',now(),'admin',now(),'admin');
INSERT INTO RC_RCPTASGN (RCPTNO,RCPTSN,ASGNNO,DC,BIZ,CLIENT,SKU,LOT,PLTID,CASEID,EAID,INSPLOC,RCMDLOC,PUTWLOC,PLANQTY,INSPQTY,RCPTQTY,WT,STAT,RGSDE,RGSUSR,UPDDE,UPDUSR)
VALUES ('2018060400001',19,'00004','GM','HDCR','HDCR','GDSI00100036','1201806050000060','12018060400088','*','*','M1011','E1031','Y1011',0,8000,8000,0,'50',now(),'admin',now(),'admin');
INSERT INTO RC_RCPTASGN (RCPTNO,RCPTSN,ASGNNO,DC,BIZ,CLIENT,SKU,LOT,PLTID,CASEID,EAID,INSPLOC,RCMDLOC,PUTWLOC,PLANQTY,INSPQTY,RCPTQTY,WT,STAT,RGSDE,RGSUSR,UPDDE,UPDUSR)
VALUES ('2018060400001',29,'00011','GM','HDCR','HDCR','GDSI09400072','1201806040000160','12018060400089','*','*','M1011','E1031','Y1011',0,5400,5400,0,'50',now(),'admin',now(),'admin');
INSERT INTO RC_RCPTASGN (RCPTNO,RCPTSN,ASGNNO,DC,BIZ,CLIENT,SKU,LOT,PLTID,CASEID,EAID,INSPLOC,RCMDLOC,PUTWLOC,PLANQTY,INSPQTY,RCPTQTY,WT,STAT,RGSDE,RGSUSR,UPDDE,UPDUSR)
VALUES ('2018060500001',18,'00001','GM','HDCR','HDCR','GDSI00220070','1201806050000070','12018060500021','*','*','M1011','A2042','*',0,22680,0,0,'10',now(),'admin',now(),'admin');
INSERT INTO RC_RCPTASGN (RCPTNO,RCPTSN,ASGNNO,DC,BIZ,CLIENT,SKU,LOT,PLTID,CASEID,EAID,INSPLOC,RCMDLOC,PUTWLOC,PLANQTY,INSPQTY,RCPTQTY,WT,STAT,RGSDE,RGSUSR,UPDDE,UPDUSR)
VALUES ('2018060500001',18,'00002','GM','HDCR','HDCR','GDSI00220070','1201806050000070','12018060500022','*','*','M1011','A2042','*',0,22680,0,0,'10',now(),'admin',now(),'admin');
INSERT INTO RC_RCPTASGN (RCPTNO,RCPTSN,ASGNNO,DC,BIZ,CLIENT,SKU,LOT,PLTID,CASEID,EAID,INSPLOC,RCMDLOC,PUTWLOC,PLANQTY,INSPQTY,RCPTQTY,WT,STAT,RGSDE,RGSUSR,UPDDE,UPDUSR)
VALUES ('2018060500001',18,'00003','GM','HDCR','HDCR','GDSI00220070','1201806050000070','12018060500023','*','*','M1011','A2042','*',0,8640,0,0,'10',now(),'admin',now(),'admin');
INSERT INTO RC_RCPTASGN (RCPTNO,RCPTSN,ASGNNO,DC,BIZ,CLIENT,SKU,LOT,PLTID,CASEID,EAID,INSPLOC,RCMDLOC,PUTWLOC,PLANQTY,INSPQTY,RCPTQTY,WT,STAT,RGSDE,RGSUSR,UPDDE,UPDUSR)
VALUES ('2018060500001',18,'00004','GM','HDCR','HDCR','GDSI00220070','1201806050000070','12018060500024','*','*','M1011','A2042','Y1011',0,19440,19440,0,'50',now(),'admin',now(),'admin');
INSERT INTO RC_RCPTASGN (RCPTNO,RCPTSN,ASGNNO,DC,BIZ,CLIENT,SKU,LOT,PLTID,CASEID,EAID,INSPLOC,RCMDLOC,PUTWLOC,PLANQTY,INSPQTY,RCPTQTY,WT,STAT,RGSDE,RGSUSR,UPDDE,UPDUSR)
VALUES ('2018060500001',19,'00001','GM','HDCR','HDCR','GDSIW0120096','1201806050000080','12018060500025','*','*','M1011','A2042','Y1011',0,24000,24000,0,'50',now(),'admin',now(),'admin');
INSERT INTO RC_RCPTASGN (RCPTNO,RCPTSN,ASGNNO,DC,BIZ,CLIENT,SKU,LOT,PLTID,CASEID,EAID,INSPLOC,RCMDLOC,PUTWLOC,PLANQTY,INSPQTY,RCPTQTY,WT,STAT,RGSDE,RGSUSR,UPDDE,UPDUSR)
VALUES ('2018060500001',19,'00002','GM','HDCR','HDCR','GDSIW0120096','1201806050000080','12018060500026','*','*','M1011','A2042','*',0,24000,0,0,'10',now(),'admin',now(),'admin');
INSERT INTO RC_RCPTASGN (RCPTNO,RCPTSN,ASGNNO,DC,BIZ,CLIENT,SKU,LOT,PLTID,CASEID,EAID,INSPLOC,RCMDLOC,PUTWLOC,PLANQTY,INSPQTY,RCPTQTY,WT,STAT,RGSDE,RGSUSR,UPDDE,UPDUSR)
VALUES ('2018060500001',19,'00003','GM','HDCR','HDCR','GDSIW0120096','1201806050000080','12018060500027','*','*','M1011','A2042','*',0,2000,0,0,'10',now(),'admin',now(),'admin');
INSERT INTO RC_RCPTASGN (RCPTNO,RCPTSN,ASGNNO,DC,BIZ,CLIENT,SKU,LOT,PLTID,CASEID,EAID,INSPLOC,RCMDLOC,PUTWLOC,PLANQTY,INSPQTY,RCPTQTY,WT,STAT,RGSDE,RGSUSR,UPDDE,UPDUSR)
VALUES ('2018060400001',25,'00001','GM','HDCR','HDCR','GDSI01400005','1201806050000090','12018060400090','*','*','M1011','A2042','*',0,30000,0,0,'10',now(),'admin',now(),'admin');
INSERT INTO RC_RCPTASGN (RCPTNO,RCPTSN,ASGNNO,DC,BIZ,CLIENT,SKU,LOT,PLTID,CASEID,EAID,INSPLOC,RCMDLOC,PUTWLOC,PLANQTY,INSPQTY,RCPTQTY,WT,STAT,RGSDE,RGSUSR,UPDDE,UPDUSR)
VALUES ('2018060400001',25,'00002','GM','HDCR','HDCR','GDSI01400005','1201806050000090','12018060400091','*','*','M1011','A2042','Y1011',0,20000,20000,0,'50',now(),'admin',now(),'admin');
INSERT INTO RC_RCPTASGN (RCPTNO,RCPTSN,ASGNNO,DC,BIZ,CLIENT,SKU,LOT,PLTID,CASEID,EAID,INSPLOC,RCMDLOC,PUTWLOC,PLANQTY,INSPQTY,RCPTQTY,WT,STAT,RGSDE,RGSUSR,UPDDE,UPDUSR)
VALUES ('2018060400007',1,'00001','GM','HDCR','HDCR','GDSI00160008','1201806050000100','12018060400092','*','*','M1011','R1011','R1011',0,24000,24000,0,'50',now(),'admin',now(),'admin');
INSERT INTO RC_RCPTASGN (RCPTNO,RCPTSN,ASGNNO,DC,BIZ,CLIENT,SKU,LOT,PLTID,CASEID,EAID,INSPLOC,RCMDLOC,PUTWLOC,PLANQTY,INSPQTY,RCPTQTY,WT,STAT,RGSDE,RGSUSR,UPDDE,UPDUSR)
VALUES ('2018060400007',1,'00002','GM','HDCR','HDCR','GDSI00160008','1201806050000100','12018060400093','*','*','M1011','R1011','R1011',0,2000,2000,0,'50',now(),'admin',now(),'admin');
INSERT INTO RC_RCPTASGN (RCPTNO,RCPTSN,ASGNNO,DC,BIZ,CLIENT,SKU,LOT,PLTID,CASEID,EAID,INSPLOC,RCMDLOC,PUTWLOC,PLANQTY,INSPQTY,RCPTQTY,WT,STAT,RGSDE,RGSUSR,UPDDE,UPDUSR)
VALUES ('2018060400005',1,'00001','GM','HDCR','HDCR','RGWP00220010','1201806050000110','12018060400094','*','*','M1011','L1011','L1011',0,31080,31080,0,'50',now(),'admin',now(),'admin');
INSERT INTO RC_RCPTASGN (RCPTNO,RCPTSN,ASGNNO,DC,BIZ,CLIENT,SKU,LOT,PLTID,CASEID,EAID,INSPLOC,RCMDLOC,PUTWLOC,PLANQTY,INSPQTY,RCPTQTY,WT,STAT,RGSDE,RGSUSR,UPDDE,UPDUSR)
VALUES ('2018060400005',2,'00001','GM','HDCR','HDCR','RGWP00180045','1201806050000120','12018060400095','*','*','M1011','L1011','L1011',0,52270,52270,0,'50',now(),'admin',now(),'admin');
INSERT INTO RC_RCPTASGN (RCPTNO,RCPTSN,ASGNNO,DC,BIZ,CLIENT,SKU,LOT,PLTID,CASEID,EAID,INSPLOC,RCMDLOC,PUTWLOC,PLANQTY,INSPQTY,RCPTQTY,WT,STAT,RGSDE,RGSUSR,UPDDE,UPDUSR)
VALUES ('2018060400006',1,'00001','GM','HDCR','HDCR','SDBO0006G001','1201806050000130','12018060400096','*','*','M1011','A2042','A2042',0,593,593,0,'50',now(),'admin',now(),'admin');
INSERT INTO RC_RCPTASGN (RCPTNO,RCPTSN,ASGNNO,DC,BIZ,CLIENT,SKU,LOT,PLTID,CASEID,EAID,INSPLOC,RCMDLOC,PUTWLOC,PLANQTY,INSPQTY,RCPTQTY,WT,STAT,RGSDE,RGSUSR,UPDDE,UPDUSR)
VALUES ('2018060400006',2,'00001','GM','HDCR','HDCR','SDBO0010G004','1201806050000140','12018060400097','*','*','M1011','Y1011','Y1011',0,360,360,0,'50',now(),'admin',now(),'admin');
INSERT INTO RC_RCPTASGN (RCPTNO,RCPTSN,ASGNNO,DC,BIZ,CLIENT,SKU,LOT,PLTID,CASEID,EAID,INSPLOC,RCMDLOC,PUTWLOC,PLANQTY,INSPQTY,RCPTQTY,WT,STAT,RGSDE,RGSUSR,UPDDE,UPDUSR)
VALUES ('2018060400006',3,'00001','GM','HDCR','HDCR','SDBO0016G004','1201806050000150','12018060400098','*','*','M1011','Y1011','Y1011',0,180,180,0,'50',now(),'admin',now(),'admin');
INSERT INTO RC_RCPTASGN (RCPTNO,RCPTSN,ASGNNO,DC,BIZ,CLIENT,SKU,LOT,PLTID,CASEID,EAID,INSPLOC,RCMDLOC,PUTWLOC,PLANQTY,INSPQTY,RCPTQTY,WT,STAT,RGSDE,RGSUSR,UPDDE,UPDUSR)
VALUES ('2018060400006',4,'00001','GM','HDCR','HDCR','SDBO0940G010','1201806050000160','12018060400099','*','*','M1011','A2042','A2042',0,280,280,0,'50',now(),'admin',now(),'admin');
INSERT INTO RC_RCPTASGN (RCPTNO,RCPTSN,ASGNNO,DC,BIZ,CLIENT,SKU,LOT,PLTID,CASEID,EAID,INSPLOC,RCMDLOC,PUTWLOC,PLANQTY,INSPQTY,RCPTQTY,WT,STAT,RGSDE,RGSUSR,UPDDE,UPDUSR)
VALUES ('2018060400004',1,'00001','GM','HDCR','HDCR','OGPR0022I004','1201806050000170','12018060400100','*','*','M1011','L1041','L1041',0,75000,75000,0,'50',now(),'admin',now(),'admin');
INSERT INTO RC_RCPTASGN (RCPTNO,RCPTSN,ASGNNO,DC,BIZ,CLIENT,SKU,LOT,PLTID,CASEID,EAID,INSPLOC,RCMDLOC,PUTWLOC,PLANQTY,INSPQTY,RCPTQTY,WT,STAT,RGSDE,RGSUSR,UPDDE,UPDUSR)
VALUES ('2018060400004',2,'00001','GM','HDCR','HDCR','OGPR0004I002','1201806050000180','12018060400101','*','*','M1011','L1041','L1041',0,175400,175400,0,'50',now(),'admin',now(),'admin');
INSERT INTO RC_RCPTASGN (RCPTNO,RCPTSN,ASGNNO,DC,BIZ,CLIENT,SKU,LOT,PLTID,CASEID,EAID,INSPLOC,RCMDLOC,PUTWLOC,PLANQTY,INSPQTY,RCPTQTY,WT,STAT,RGSDE,RGSUSR,UPDDE,UPDUSR)
VALUES ('2018060400004',3,'00001','GM','HDCR','HDCR','OGPR0004I002','1201806050000180','12018060400102','*','*','M1011','L1041','L1041',0,180000,180000,0,'50',now(),'admin',now(),'admin');
INSERT INTO RC_RCPTASGN (RCPTNO,RCPTSN,ASGNNO,DC,BIZ,CLIENT,SKU,LOT,PLTID,CASEID,EAID,INSPLOC,RCMDLOC,PUTWLOC,PLANQTY,INSPQTY,RCPTQTY,WT,STAT,RGSDE,RGSUSR,UPDDE,UPDUSR)
VALUES ('2018060400003',1,'00001','GM','HDCR','HDCR','RGCO06700014','1201806050000190','12018060400103','*','*','M1011','B2131','B2131',0,43000,43000,0,'50',now(),'admin',now(),'admin');
INSERT INTO RC_RCPTASGN (RCPTNO,RCPTSN,ASGNNO,DC,BIZ,CLIENT,SKU,LOT,PLTID,CASEID,EAID,INSPLOC,RCMDLOC,PUTWLOC,PLANQTY,INSPQTY,RCPTQTY,WT,STAT,RGSDE,RGSUSR,UPDDE,UPDUSR)
VALUES ('2018060400003',2,'00001','GM','HDCR','HDCR','RGCO06700004','1201806050000200','12018060400104','*','*','M1011','B2131','B2131',0,42000,42000,0,'50',now(),'admin',now(),'admin');
INSERT INTO RC_RCPTASGN (RCPTNO,RCPTSN,ASGNNO,DC,BIZ,CLIENT,SKU,LOT,PLTID,CASEID,EAID,INSPLOC,RCMDLOC,PUTWLOC,PLANQTY,INSPQTY,RCPTQTY,WT,STAT,RGSDE,RGSUSR,UPDDE,UPDUSR)
VALUES ('2018060400003',3,'00001','GM','HDCR','HDCR','RGCO06700003','1201806050000210','12018060400105','*','*','M1011','B2131','B2131',0,51000,51000,0,'50',now(),'admin',now(),'admin');
INSERT INTO RC_RCPTASGN (RCPTNO,RCPTSN,ASGNNO,DC,BIZ,CLIENT,SKU,LOT,PLTID,CASEID,EAID,INSPLOC,RCMDLOC,PUTWLOC,PLANQTY,INSPQTY,RCPTQTY,WT,STAT,RGSDE,RGSUSR,UPDDE,UPDUSR)
VALUES ('2018060400003',4,'00001','GM','HDCR','HDCR','RGCO05000001','1201806050000220','12018060400106','*','*','M1011','B2131','B2131',0,72000,72000,0,'50',now(),'admin',now(),'admin');
INSERT INTO RC_RCPTASGN (RCPTNO,RCPTSN,ASGNNO,DC,BIZ,CLIENT,SKU,LOT,PLTID,CASEID,EAID,INSPLOC,RCMDLOC,PUTWLOC,PLANQTY,INSPQTY,RCPTQTY,WT,STAT,RGSDE,RGSUSR,UPDDE,UPDUSR)
VALUES ('2018060400001',27,'00001','GM','HDCR','HDCR','GDSI00050002','1201806050000230','12018060400107','*','*','M1011','Y1011','*',0,30000,0,0,'10',now(),'admin',now(),'admin');
INSERT INTO RC_RCPTASGN (RCPTNO,RCPTSN,ASGNNO,DC,BIZ,CLIENT,SKU,LOT,PLTID,CASEID,EAID,INSPLOC,RCMDLOC,PUTWLOC,PLANQTY,INSPQTY,RCPTQTY,WT,STAT,RGSDE,RGSUSR,UPDDE,UPDUSR)
VALUES ('2018060400001',27,'00002','GM','HDCR','HDCR','GDSI00050002','1201806050000230','12018060400108','*','*','M1011','Y1011','Y1011',0,29000,29000,0,'50',now(),'admin',now(),'admin');
INSERT INTO RC_RCPTASGN (RCPTNO,RCPTSN,ASGNNO,DC,BIZ,CLIENT,SKU,LOT,PLTID,CASEID,EAID,INSPLOC,RCMDLOC,PUTWLOC,PLANQTY,INSPQTY,RCPTQTY,WT,STAT,RGSDE,RGSUSR,UPDDE,UPDUSR)
VALUES ('2018060500001',11,'00001','GM','HDCR','HDCR','GDSI06500039','1201806050000240','12018060500028','*','*','M1011','E1031','Y1011',0,16000,16000,0,'50',now(),'admin',now(),'admin');
INSERT INTO RC_RCPTASGN (RCPTNO,RCPTSN,ASGNNO,DC,BIZ,CLIENT,SKU,LOT,PLTID,CASEID,EAID,INSPLOC,RCMDLOC,PUTWLOC,PLANQTY,INSPQTY,RCPTQTY,WT,STAT,RGSDE,RGSUSR,UPDDE,UPDUSR)
VALUES ('2018060500001',11,'00002','GM','HDCR','HDCR','GDSI06500039','1201806050000240','12018060500029','*','*','M1011','E1031','*',0,14000,0,0,'10',now(),'admin',now(),'admin');
INSERT INTO RC_RCPTASGN (RCPTNO,RCPTSN,ASGNNO,DC,BIZ,CLIENT,SKU,LOT,PLTID,CASEID,EAID,INSPLOC,RCMDLOC,PUTWLOC,PLANQTY,INSPQTY,RCPTQTY,WT,STAT,RGSDE,RGSUSR,UPDDE,UPDUSR)
VALUES ('2018060500001',10,'00001','GM','HDCR','HDCR','GDSI00120011','1201806050000250','12018060500030','*','*','M1011','C2011','Y1011',0,36000,36000,0,'50',now(),'admin',now(),'admin');
INSERT INTO RC_RCPTASGN (RCPTNO,RCPTSN,ASGNNO,DC,BIZ,CLIENT,SKU,LOT,PLTID,CASEID,EAID,INSPLOC,RCMDLOC,PUTWLOC,PLANQTY,INSPQTY,RCPTQTY,WT,STAT,RGSDE,RGSUSR,UPDDE,UPDUSR)
VALUES ('2018060500001',13,'00001','GM','HDCR','HDCR','GDSI00040001','1201806050000260','12018060500031','*','*','M1011','C2011','Y1011',0,48000,48000,0,'50',now(),'admin',now(),'admin');
INSERT INTO RC_RCPTASGN (RCPTNO,RCPTSN,ASGNNO,DC,BIZ,CLIENT,SKU,LOT,PLTID,CASEID,EAID,INSPLOC,RCMDLOC,PUTWLOC,PLANQTY,INSPQTY,RCPTQTY,WT,STAT,RGSDE,RGSUSR,UPDDE,UPDUSR)
VALUES ('2018060400001',30,'00004','GM','HDCR','HDCR','GDSI00160033','1201806050000020','12018060400109','*','*','M1011','E1031','Y1011',0,8000,8000,0,'50',now(),'admin',now(),'admin');
INSERT INTO RC_RCPTASGN (RCPTNO,RCPTSN,ASGNNO,DC,BIZ,CLIENT,SKU,LOT,PLTID,CASEID,EAID,INSPLOC,RCMDLOC,PUTWLOC,PLANQTY,INSPQTY,RCPTQTY,WT,STAT,RGSDE,RGSUSR,UPDDE,UPDUSR)
VALUES ('2018060500001',7,'00001','GM','HDCR','HDCR','GDSI06700012','1201806050000270','12018060500032','*','*','M1011','C2011','Y1011',0,8400,8400,0,'50',now(),'admin',now(),'admin');
INSERT INTO RC_RCPTASGN (RCPTNO,RCPTSN,ASGNNO,DC,BIZ,CLIENT,SKU,LOT,PLTID,CASEID,EAID,INSPLOC,RCMDLOC,PUTWLOC,PLANQTY,INSPQTY,RCPTQTY,WT,STAT,RGSDE,RGSUSR,UPDDE,UPDUSR)
VALUES ('2018060500001',7,'00002','GM','HDCR','HDCR','GDSI06700012','1201806050000270','12018060500033','*','*','M1011','C2011','*',0,8400,0,0,'10',now(),'admin',now(),'admin');
INSERT INTO RC_RCPTASGN (RCPTNO,RCPTSN,ASGNNO,DC,BIZ,CLIENT,SKU,LOT,PLTID,CASEID,EAID,INSPLOC,RCMDLOC,PUTWLOC,PLANQTY,INSPQTY,RCPTQTY,WT,STAT,RGSDE,RGSUSR,UPDDE,UPDUSR)
VALUES ('2018060500001',7,'00003','GM','HDCR','HDCR','GDSI06700012','1201806050000270','12018060500034','*','*','M1011','C2011','*',0,8400,0,0,'10',now(),'admin',now(),'admin');
INSERT INTO RC_RCPTASGN (RCPTNO,RCPTSN,ASGNNO,DC,BIZ,CLIENT,SKU,LOT,PLTID,CASEID,EAID,INSPLOC,RCMDLOC,PUTWLOC,PLANQTY,INSPQTY,RCPTQTY,WT,STAT,RGSDE,RGSUSR,UPDDE,UPDUSR)
VALUES ('2018060500001',20,'00001','GM','HDCR','HDCR','GDAT00230007','1201806050000280','12018060500035','*','*','M1011','E1031','*',0,24000,0,0,'10',now(),'admin',now(),'admin');
INSERT INTO RC_RCPTASGN (RCPTNO,RCPTSN,ASGNNO,DC,BIZ,CLIENT,SKU,LOT,PLTID,CASEID,EAID,INSPLOC,RCMDLOC,PUTWLOC,PLANQTY,INSPQTY,RCPTQTY,WT,STAT,RGSDE,RGSUSR,UPDDE,UPDUSR)
VALUES ('2018060500001',20,'00002','GM','HDCR','HDCR','GDAT00230007','1201806050000280','12018060500036','*','*','M1011','E1031','Y1011',0,28800,28800,0,'50',now(),'admin',now(),'admin');
INSERT INTO RC_RCPTASGN (RCPTNO,RCPTSN,ASGNNO,DC,BIZ,CLIENT,SKU,LOT,PLTID,CASEID,EAID,INSPLOC,RCMDLOC,PUTWLOC,PLANQTY,INSPQTY,RCPTQTY,WT,STAT,RGSDE,RGSUSR,UPDDE,UPDUSR)
VALUES ('2018060500004',1,'00001','GM','HDCR','HDCR','RGWP09400001','1201806050000290','12018060500037','*','*','M1011','L1061','L1061',0,30700,30700,0,'50',now(),'admin',now(),'admin');
INSERT INTO RC_RCPTASGN (RCPTNO,RCPTSN,ASGNNO,DC,BIZ,CLIENT,SKU,LOT,PLTID,CASEID,EAID,INSPLOC,RCMDLOC,PUTWLOC,PLANQTY,INSPQTY,RCPTQTY,WT,STAT,RGSDE,RGSUSR,UPDDE,UPDUSR)
VALUES ('2018060500003',1,'00001','GM','HDCR','HDCR','OGPR0016I004','1201806050000300','12018060500038','*','*','M1011','L1071','L1071',0,78000,78000,0,'50',now(),'admin',now(),'admin');
INSERT INTO RC_RCPTASGN (RCPTNO,RCPTSN,ASGNNO,DC,BIZ,CLIENT,SKU,LOT,PLTID,CASEID,EAID,INSPLOC,RCMDLOC,PUTWLOC,PLANQTY,INSPQTY,RCPTQTY,WT,STAT,RGSDE,RGSUSR,UPDDE,UPDUSR)
VALUES ('2018060500003',2,'00001','GM','HDCR','HDCR','OGPR0016I010','1201806050000310','12018060500039','*','*','M1011','C2011','C2011',0,81000,81000,0,'50',now(),'admin',now(),'admin');
INSERT INTO RC_RCPTASGN (RCPTNO,RCPTSN,ASGNNO,DC,BIZ,CLIENT,SKU,LOT,PLTID,CASEID,EAID,INSPLOC,RCMDLOC,PUTWLOC,PLANQTY,INSPQTY,RCPTQTY,WT,STAT,RGSDE,RGSUSR,UPDDE,UPDUSR)
VALUES ('2018060500001',3,'00001','GM','HDCR','HDCR','GDSI00180031','1201806050000350','12018060500043','*','*','M1011','F1011','Y1011',0,16000,16000,0,'50',now(),'admin',now(),'admin');
INSERT INTO RC_RCPTASGN (RCPTNO,RCPTSN,ASGNNO,DC,BIZ,CLIENT,SKU,LOT,PLTID,CASEID,EAID,INSPLOC,RCMDLOC,PUTWLOC,PLANQTY,INSPQTY,RCPTQTY,WT,STAT,RGSDE,RGSUSR,UPDDE,UPDUSR)
VALUES ('2018060500001',3,'00002','GM','HDCR','HDCR','GDSI00180031','1201806050000350','12018060500044','*','*','M1011','F1011','*',0,4000,0,0,'10',now(),'admin',now(),'admin');
INSERT INTO RC_RCPTASGN (RCPTNO,RCPTSN,ASGNNO,DC,BIZ,CLIENT,SKU,LOT,PLTID,CASEID,EAID,INSPLOC,RCMDLOC,PUTWLOC,PLANQTY,INSPQTY,RCPTQTY,WT,STAT,RGSDE,RGSUSR,UPDDE,UPDUSR)
VALUES ('2018060500001',14,'00001','GM','HDCR','HDCR','GDSI04300001','1201806050000360','12018060500045','*','*','M1011','C2021','*',0,18000,0,0,'10',now(),'admin',now(),'admin');
INSERT INTO RC_RCPTASGN (RCPTNO,RCPTSN,ASGNNO,DC,BIZ,CLIENT,SKU,LOT,PLTID,CASEID,EAID,INSPLOC,RCMDLOC,PUTWLOC,PLANQTY,INSPQTY,RCPTQTY,WT,STAT,RGSDE,RGSUSR,UPDDE,UPDUSR)
VALUES ('2018060500001',14,'00002','GM','HDCR','HDCR','GDSI04300001','1201806050000360','12018060500046','*','*','M1011','C2021','Y1011',0,16000,16000,0,'50',now(),'admin',now(),'admin');
INSERT INTO RC_RCPTASGN (RCPTNO,RCPTSN,ASGNNO,DC,BIZ,CLIENT,SKU,LOT,PLTID,CASEID,EAID,INSPLOC,RCMDLOC,PUTWLOC,PLANQTY,INSPQTY,RCPTQTY,WT,STAT,RGSDE,RGSUSR,UPDDE,UPDUSR)
VALUES ('2018060500001',21,'00001','GM','HDCR','HDCR','GDSI09400015','1201806050000370','12018060500047','*','*','M1011','F1011','*',0,480,0,0,'10',now(),'admin',now(),'admin');
INSERT INTO RC_RCPTASGN (RCPTNO,RCPTSN,ASGNNO,DC,BIZ,CLIENT,SKU,LOT,PLTID,CASEID,EAID,INSPLOC,RCMDLOC,PUTWLOC,PLANQTY,INSPQTY,RCPTQTY,WT,STAT,RGSDE,RGSUSR,UPDDE,UPDUSR)
VALUES ('2018060500001',21,'00002','GM','HDCR','HDCR','GDSI09400015','1201806050000370','12018060500048','*','*','M1011','F1011','Y1011',0,5760,5760,0,'50',now(),'admin',now(),'admin');
INSERT INTO RC_RCPTASGN (RCPTNO,RCPTSN,ASGNNO,DC,BIZ,CLIENT,SKU,LOT,PLTID,CASEID,EAID,INSPLOC,RCMDLOC,PUTWLOC,PLANQTY,INSPQTY,RCPTQTY,WT,STAT,RGSDE,RGSUSR,UPDDE,UPDUSR)
VALUES ('2018060500001',21,'00003','GM','HDCR','HDCR','GDSI09400015','1201806050000370','12018060500049','*','*','M1011','F1011','Y1011',0,5760,5760,0,'50',now(),'admin',now(),'admin');
INSERT INTO RC_RCPTASGN (RCPTNO,RCPTSN,ASGNNO,DC,BIZ,CLIENT,SKU,LOT,PLTID,CASEID,EAID,INSPLOC,RCMDLOC,PUTWLOC,PLANQTY,INSPQTY,RCPTQTY,WT,STAT,RGSDE,RGSUSR,UPDDE,UPDUSR)
VALUES ('2018060500001',21,'00004','GM','HDCR','HDCR','GDSI09400015','1201806050000370','12018060500050','*','*','M1011','F1011','Y1011',0,5760,5760,0,'50',now(),'admin',now(),'admin');
INSERT INTO RC_RCPTASGN (RCPTNO,RCPTSN,ASGNNO,DC,BIZ,CLIENT,SKU,LOT,PLTID,CASEID,EAID,INSPLOC,RCMDLOC,PUTWLOC,PLANQTY,INSPQTY,RCPTQTY,WT,STAT,RGSDE,RGSUSR,UPDDE,UPDUSR)
VALUES ('2018060500001',21,'00005','GM','HDCR','HDCR','GDSI09400015','1201806050000370','12018060500051','*','*','M1011','F1011','Y1011',0,5760,5760,0,'50',now(),'admin',now(),'admin');
INSERT INTO RC_RCPTASGN (RCPTNO,RCPTSN,ASGNNO,DC,BIZ,CLIENT,SKU,LOT,PLTID,CASEID,EAID,INSPLOC,RCMDLOC,PUTWLOC,PLANQTY,INSPQTY,RCPTQTY,WT,STAT,RGSDE,RGSUSR,UPDDE,UPDUSR)
VALUES ('2018060500001',21,'00006','GM','HDCR','HDCR','GDSI09400015','1201806050000370','12018060500052','*','*','M1011','F1011','Y1011',0,5760,5760,0,'50',now(),'admin',now(),'admin');
INSERT INTO RC_RCPTASGN (RCPTNO,RCPTSN,ASGNNO,DC,BIZ,CLIENT,SKU,LOT,PLTID,CASEID,EAID,INSPLOC,RCMDLOC,PUTWLOC,PLANQTY,INSPQTY,RCPTQTY,WT,STAT,RGSDE,RGSUSR,UPDDE,UPDUSR)
VALUES ('2018060500001',21,'00007','GM','HDCR','HDCR','GDSI09400015','1201806050000370','12018060500053','*','*','M1011','F1011','Y1011',0,5760,5760,0,'50',now(),'admin',now(),'admin');
INSERT INTO RC_RCPTASGN (RCPTNO,RCPTSN,ASGNNO,DC,BIZ,CLIENT,SKU,LOT,PLTID,CASEID,EAID,INSPLOC,RCMDLOC,PUTWLOC,PLANQTY,INSPQTY,RCPTQTY,WT,STAT,RGSDE,RGSUSR,UPDDE,UPDUSR)
VALUES ('2018060500001',21,'00008','GM','HDCR','HDCR','GDSI09400015','1201806050000370','12018060500054','*','*','M1011','F1011','*',0,5760,0,0,'10',now(),'admin',now(),'admin');
INSERT INTO RC_RCPTASGN (RCPTNO,RCPTSN,ASGNNO,DC,BIZ,CLIENT,SKU,LOT,PLTID,CASEID,EAID,INSPLOC,RCMDLOC,PUTWLOC,PLANQTY,INSPQTY,RCPTQTY,WT,STAT,RGSDE,RGSUSR,UPDDE,UPDUSR)
VALUES ('2018060500001',21,'00009','GM','HDCR','HDCR','GDSI09400015','1201806050000370','12018060500055','*','*','M1011','F1011','*',0,5760,0,0,'10',now(),'admin',now(),'admin');
INSERT INTO RC_RCPTASGN (RCPTNO,RCPTSN,ASGNNO,DC,BIZ,CLIENT,SKU,LOT,PLTID,CASEID,EAID,INSPLOC,RCMDLOC,PUTWLOC,PLANQTY,INSPQTY,RCPTQTY,WT,STAT,RGSDE,RGSUSR,UPDDE,UPDUSR)
VALUES ('2018060500001',21,'00010','GM','HDCR','HDCR','GDSI09400015','1201806050000370','12018060500056','*','*','M1011','F1011','*',0,5760,0,0,'10',now(),'admin',now(),'admin');
INSERT INTO RC_RCPTASGN (RCPTNO,RCPTSN,ASGNNO,DC,BIZ,CLIENT,SKU,LOT,PLTID,CASEID,EAID,INSPLOC,RCMDLOC,PUTWLOC,PLANQTY,INSPQTY,RCPTQTY,WT,STAT,RGSDE,RGSUSR,UPDDE,UPDUSR)
VALUES ('2018060500006',1,'00001','GM','HDCR','HDCR','RGCO05000001','1201806050000480','12018060500067','*','*','M1011','C2041','C2041',0,108000,108000,0,'50',now(),'admin',now(),'admin');
INSERT INTO RC_RCPTASGN (RCPTNO,RCPTSN,ASGNNO,DC,BIZ,CLIENT,SKU,LOT,PLTID,CASEID,EAID,INSPLOC,RCMDLOC,PUTWLOC,PLANQTY,INSPQTY,RCPTQTY,WT,STAT,RGSDE,RGSUSR,UPDDE,UPDUSR)
VALUES ('2018060500006',2,'00001','GM','HDCR','HDCR','RGCO05000003','1201806050000490','12018060500068','*','*','M1011','C2041','C2041',0,101300,101300,0,'50',now(),'admin',now(),'admin');
INSERT INTO RC_RCPTASGN (RCPTNO,RCPTSN,ASGNNO,DC,BIZ,CLIENT,SKU,LOT,PLTID,CASEID,EAID,INSPLOC,RCMDLOC,PUTWLOC,PLANQTY,INSPQTY,RCPTQTY,WT,STAT,RGSDE,RGSUSR,UPDDE,UPDUSR)
VALUES ('2018060100001',2,'00001','GM','HDCR','HDCR','GDSI00180083','1201805310000280','12018060100001','*','*','M1011','E1011','Y1011',0,16000,16000,0,'50',now(),'admin',now(),'admin');
INSERT INTO RC_RCPTASGN (RCPTNO,RCPTSN,ASGNNO,DC,BIZ,CLIENT,SKU,LOT,PLTID,CASEID,EAID,INSPLOC,RCMDLOC,PUTWLOC,PLANQTY,INSPQTY,RCPTQTY,WT,STAT,RGSDE,RGSUSR,UPDDE,UPDUSR)
VALUES ('2018060100001',2,'00002','GM','HDCR','HDCR','GDSI00180083','1201805310000280','12018060100002','*','*','M1011','E1091','*',0,4000,0,0,'10',now(),'admin',now(),'admin');
INSERT INTO RC_RCPTASGN (RCPTNO,RCPTSN,ASGNNO,DC,BIZ,CLIENT,SKU,LOT,PLTID,CASEID,EAID,INSPLOC,RCMDLOC,PUTWLOC,PLANQTY,INSPQTY,RCPTQTY,WT,STAT,RGSDE,RGSUSR,UPDDE,UPDUSR)
VALUES ('2018060100001',2,'00003','GM','HDCR','HDCR','GDSI00180083','1201805310000280','12018060100003','*','*','M1011','E1011','Y1011',0,2000,2000,0,'50',now(),'admin',now(),'admin');
